sep=	
time (ソース1)	data.0	data.1	data.2	
0	0.73773193359375	0.0140625	52.4609375	
0.528	0.73883056640625	0.0140625	52.5390625	
1.056	0.70804595947266	0.0134765625	52.5390625	
1.584	0.70699310302734	0.0134765625	52.4609375	
2.112	0.70646667480469	0.0134765625	52.421875	
2.64	0.70646667480469	0.0134765625	52.421875	
3.168	0.70751953125	0.0134765625	52.5	
3.696	0.70699310302734	0.0134765625	52.4609375	
4.223	0.71884155273438	0.013671875	52.578125	
4.752	0.70751953125	0.0134765625	52.5	
5.282	0.70594024658203	0.0134765625	52.3828125	
7.383	0.70541381835938	0.0134765625	52.34375	
7.909	0.7177734375	0.013671875	52.5	
8.436	0.70804595947266	0.0134765625	52.5390625	
8.963	0.70909881591797	0.0134765625	52.6171875	
9.491	0.75020599365234	0.0142578125	52.6171875	
10.019	0.81066131591797	0.0154296875	52.5390625	
10.547	0.8258056640625	0.015625	52.8515625	
11.075	0.84207153320313	0.016015625	52.578125	
11.603	0.87223052978516	0.0166015625	52.5390625	
12.131	14.1574859619141	0.271484375	52.1484375	
12.659	33.8472290039063	0.6609375	51.2109375	
13.188	31.8157348632813	0.61796875	51.484375	
13.716	32.89208984375	0.641796875	51.25	
14.243	31.7593688964844	0.61640625	51.5234375	
14.771	29.7165451049805	0.5767578125	51.5234375	
15.299	30.8839111328125	0.60078125	51.40625	
15.827	28.9890747070313	0.5609375	51.6796875	
16.359	23.7840728759766	0.4591796875	51.796875	
16.885	24.117919921875	0.465625	51.796875	
17.413	25.2544097900391	0.488671875	51.6796875	
17.941	26.1632385253906	0.506640625	51.640625	
18.469	26.6372451782227	0.5154296875	51.6796875	
18.997	26.1725158691406	0.5060546875	51.71875	
19.525	25.9382171630859	0.500390625	51.8359375	
20.053	42.2175216674805	0.8345703125	50.5859375	
20.581	43.0285263061523	0.8466796875	50.8203125	
21.109	50.4501800537109	1.003515625	50.2734375	
21.637	62.8366546630859	1.2787109375	49.140625	
22.165	62.7379760742188	1.27265625	49.296875	
22.693	65.1284027099609	1.328515625	49.0234375	
23.221	65.713005065918	1.3447265625	48.8671875	
23.749	65.9033508300781	1.35078125	48.7890625	
24.276	67.24072265625	1.379296875	48.75	
24.805	66.3781127929688	1.3529296875	49.0625	
25.333	65.641357421875	1.3421875	48.90625	
25.86	65.4878997802734	1.3369140625	48.984375	
26.389	66.6388092041016	1.363671875	48.8671875	
26.917	66.0037994384766	1.3517578125	48.828125	
27.447	65.9852294921875	1.344921875	49.0625	
27.972	65.4743957519531	1.33984375	48.8671875	
28.501	67.688232421875	1.3884765625	48.75	
29.028	73.6544494628906	1.53671875	47.9296875	
29.557	73.9993286132813	1.53515625	48.203125	
30.085	73.3837280273438	1.519921875	48.28125	
30.613	73.0914001464844	1.5138671875	48.28125	
31.14	72.97705078125	1.51640625	48.125	
31.668	76.7681121826172	1.604296875	47.8515625	
32.196	76.1698913574219	1.595703125	47.734375	
32.724	76.0269470214844	1.59140625	47.7734375	
33.253	76.1419296264649	1.5912109375	47.8515625	
33.78	75.9328308105469	1.585546875	47.890625	
34.308	75.7622680664063	1.5845703125	47.8125	
34.836	75.6105041503906	1.583984375	47.734375	
35.364	75.7867813110352	1.5837890625	47.8515625	
35.892	75.9835052490234	1.5814453125	48.046875	
36.42	75.4204483032227	1.5787109375	47.7734375	
36.948	76.3662338256836	1.5958984375	47.8515625	
37.476	76.0922622680664	1.5927734375	47.7734375	
38.007	75.8486480712891	1.5837890625	47.890625	
38.532	75.6522216796875	1.5796875	47.890625	
39.06	75.5299987792969	1.58359375	47.6953125	
39.588	75.8486480712891	1.5837890625	47.890625	
40.116	75.7607345581055	1.5806640625	47.9296875	
40.644	75.2058410644531	1.57421875	47.7734375	
41.172	75.2058410644531	1.57421875	47.7734375	
41.701	75.2058410644531	1.57421875	47.7734375	
42.229	75.8356246948242	1.5822265625	47.9296875	
42.756	75.37939453125	1.5765625	47.8125	
43.284	76.3497619628906	1.60078125	47.6953125	
43.812	76.204231262207	1.5951171875	47.7734375	
44.34	76.6092300415039	1.6009765625	47.8515625	
44.868	78.0224609375	1.642578125	47.5	
45.396	85.5246887207031	1.84140625	46.4453125	
45.924	85.2606964111328	1.8341796875	46.484375	
46.452	85.2425384521484	1.8337890625	46.484375	
46.98	85.5609741210938	1.8421875	46.4453125	
47.508	89.8047790527344	1.96328125	45.7421875	
48.036	91.2589111328125	2.0001953125	45.625	
48.564	89.7831115722656	1.9611328125	45.78125	
49.091	95.994140625	2.15	44.6484375	
49.62	95.9243774414063	2.1484375	44.6484375	
50.148	97.156982421875	2.189453125	44.375	
50.676	96.6045684814453	2.163671875	44.6484375	
51.204	96.6250991821289	2.1603515625	44.7265625	
51.732	96.2614288330078	2.159765625	44.5703125	
52.26	96.8374633789063	2.1669921875	44.6875	
52.788	96.9649200439453	2.183203125	44.4140625	
53.316	97.54443359375	2.1828125	44.6875	
53.844	98.2318115234375	2.215625	44.3359375	
54.372	99.0201416015625	2.247265625	44.0625	
54.9	98.9663467407227	2.2361328125	44.2578125	
55.428	99.0897216796875	2.2330078125	44.375	
55.956	98.3585433959961	2.2302734375	44.1015625	
56.484	98.4370422363281	2.230078125	44.140625	
57.012	98.5922241210938	2.23359375	44.140625	
57.54	98.5812377929688	2.2373046875	44.0625	
58.067	99.0700759887695	2.2384765625	44.2578125	
58.596	99.818115234375	2.2734375	43.90625	
59.124	99.8953704833984	2.269140625	44.0234375	
59.652	99.6976089477539	2.2646484375	44.0234375	
60.182	99.5146484375	2.2625	43.984375	
60.708	99.4740524291992	2.2595703125	44.0234375	
61.236	103.995910644531	2.4291015625	42.8125	
61.765	104.61474609375	2.4615234375	42.5	
62.291	104.753677368164	2.476171875	42.3046875	
62.819	106.140563964844	2.506640625	42.34375	
63.347	105.697082519531	2.50078125	42.265625	
63.876	105.339233398438	2.5015625	42.109375	
64.403	107.499755859375	2.6060546875	41.25	
64.931	111.74560546875	2.9798828125	37.5	
65.459	112.536224365234	3.1451171875	35.78125	
65.987	110.069206237793	3.3908203125	32.4609375	
66.515	109.921569824219	3.4150390625	32.1875	
67.04	109.69921875	3.45	31.796875	
67.568	109.217346191406	3.4603515625	31.5625	
68.096	110.04345703125	3.45234375	31.875	
68.623	109.865074157715	3.4509765625	31.8359375	
69.151	109.649536132813	3.4484375	31.796875	
69.679	109.098358154297	3.448046875	31.640625	
70.208	109.634124755859	3.4564453125	31.71875	
70.735	109.332046508789	3.451171875	31.6796875	
71.266	109.674377441406	3.44921875	31.796875	
71.791	109.333190917969	3.45546875	31.640625	
72.32	109.46354675293	3.4767578125	31.484375	
72.847	108.01350402832	3.549609375	30.4296875	
73.375	102.480316162109	3.7478515625	27.34375	
73.903	101.774368286133	3.7759765625	26.953125	
74.431	101.572975158691	3.7849609375	26.8359375	
74.959	100.016227722168	3.8158203125	26.2109375	
75.487	98.4790878295899	3.8607421875	25.5078125	
76.012	95.82421875	3.93125	24.375	
76.542	95.5565795898438	3.9265625	24.3359375	
77.069	95.6766357421875	3.9251953125	24.375	
77.597	96.1270523071289	3.9248046875	24.4921875	
78.125	96.246826171875	3.9234375	24.53125	
78.653	95.7822799682617	3.9232421875	24.4140625	
79.181	96.246826171875	3.9234375	24.53125	
79.709	96.2420349121094	3.9232421875	24.53125	
80.237	96.2707824707031	3.9244140625	24.53125	
80.765	96.1079177856445	3.9240234375	24.4921875	
81.293	95.9307556152344	3.923046875	24.453125	
81.82	96.079216003418	3.9228515625	24.4921875	
82.351	96.2228698730469	3.9224609375	24.53125	
82.877	96.2180786132813	3.922265625	24.53125	
83.405	96.2037048339844	3.9216796875	24.53125	
83.932	96.0361633300781	3.92109375	24.4921875	
84.461	96.6488342285156	3.92109375	24.6484375	
84.989	96.031379699707	3.9208984375	24.4921875	
85.517	96.5004730224609	3.9212890625	24.609375	
86.044	96.0361633300781	3.92109375	24.4921875	
86.572	96.3424987792969	3.92109375	24.5703125	
87.101	95.7822799682617	3.9232421875	24.4140625	
87.628	96.323486328125	3.9265625	24.53125	
88.157	96.1366195678711	3.9251953125	24.4921875	
88.685	95.9450836181641	3.9236328125	24.453125	
89.212	96.079216003418	3.9228515625	24.4921875	
89.74	95.9212036132813	3.92265625	24.453125	
90.269	95.5814208984375	3.9212890625	24.375	
90.796	96.4096832275391	3.923828125	24.5703125	
91.324	95.0469512939453	3.930859375	24.1796875	
91.85	96.28515625	3.925	24.53125	
92.376	95.8156585693359	3.924609375	24.4140625	
92.904	96.1127014160156	3.92421875	24.4921875	
93.435	95.7727432250977	3.9228515625	24.4140625	
93.96	89.7314529418945	4.0513671875	22.1484375	
94.488	89.876708984375	4.05078125	22.1875	
95.014	90.650390625	4.05	22.3828125	
95.541	90.0609893798828	4.051953125	22.2265625	
96.068	90.1044006347656	4.05390625	22.2265625	
96.596	89.8179702758789	4.0552734375	22.1484375	
97.124	88.890380859375	4.078125	21.796875	
97.652	89.1748046875	4.0765625	21.875	
98.18	89.2912445068359	4.074609375	21.9140625	
98.708	89.4289703369141	4.0736328125	21.953125	
99.236	88.7754364013672	4.0728515625	21.796875	
99.764	89.0850830078125	4.0724609375	21.875	
100.292	88.6078414916992	4.0724609375	21.7578125	
100.82	88.9174728393555	4.0720703125	21.8359375	
101.348	88.4402770996094	4.0720703125	21.71875	
101.876	89.0765380859375	4.0720703125	21.875	
102.404	89.5408477783203	4.071484375	21.9921875	
102.932	89.063720703125	4.071484375	21.875	
103.46	88.7413787841797	4.0712890625	21.796875	
103.988	88.8961486816406	4.07109375	21.8359375	
104.518	89.3646545410156	4.070703125	21.953125	
105.044	89.5150756835938	4.0703125	21.9921875	
105.572	88.8662948608399	4.0697265625	21.8359375	
106.1	88.6988067626953	4.0693359375	21.796875	
106.628	88.2134628295899	4.0689453125	21.6796875	
107.156	88.844970703125	4.06875	21.8359375	
107.685	88.8364410400391	4.068359375	21.8359375	
108.212	88.527099609375	4.06875	21.7578125	
108.74	89.029541015625	4.069921875	21.875	
109.268	89.2784042358399	4.0740234375	21.9140625	
109.796	88.7839508056641	4.0732421875	21.796875	
110.324	88.6078414916992	4.0724609375	21.7578125	
110.852	88.3320236206055	4.0744140625	21.6796875	
111.38	88.4421157836914	4.0794921875	21.6796875	
111.908	87.8088989257813	4.0796875	21.5234375	
112.436	88.2954406738281	4.080078125	21.640625	
112.961	86.958984375	4.0921875	21.25	
113.488	87.5261764526367	4.0962890625	21.3671875	
114.016	87.5220031738281	4.09609375	21.3671875	
114.543	87.7959365844727	4.0939453125	21.4453125	
115.074	87.3036804199219	4.093359375	21.328125	
115.6	87.6401977539063	4.094140625	21.40625	
116.128	87.3078460693359	4.0935546875	21.328125	
116.656	87.1354675292969	4.09296875	21.2890625	
117.183	87.1437835693359	4.093359375	21.2890625	
117.711	86.8157043457031	4.09296875	21.2109375	
118.24	88.0863494873047	4.092578125	21.5234375	
118.768	87.7456741333008	4.0916015625	21.4453125	
119.296	87.4218444824219	4.09140625	21.3671875	
119.823	87.2620239257813	4.09140625	21.328125	
120.352	87.5733032226563	4.091015625	21.40625	
120.88	87.5816650390625	4.09140625	21.40625	
121.407	87.4343643188477	4.0919921875	21.3671875	
121.936	88.0863494873047	4.092578125	21.5234375	
122.463	87.4468841552734	4.092578125	21.3671875	
122.991	86.996337890625	4.0939453125	21.25	
123.52	87.5220031738281	4.09609375	21.3671875	
124.048	87.7154541015625	4.09765625	21.40625	
124.575	87.05029296875	4.096484375	21.25	
125.103	87.037841796875	4.0958984375	21.25	
125.632	87.8420104980469	4.09609375	21.4453125	
126.162	87.3619995117188	4.09609375	21.328125	
126.687	87.11669921875	4.099609375	21.25	
127.215	85.0657577514649	4.1322265625	20.5859375	
127.743	83.154426574707	4.1822265625	19.8828125	
128.272	82.5317764282227	4.1837890625	19.7265625	
128.8	82.1972427368164	4.1833984375	19.6484375	
129.327	81.4241943359375	4.2025390625	19.375	
129.855	79.8538970947266	4.232421875	18.8671875	
130.383	79.3935775756836	4.2431640625	18.7109375	
130.911	78.0688629150391	4.261328125	18.3203125	
131.439	77.8000793457031	4.26484375	18.2421875	
131.967	78.1082229614258	4.2634765625	18.3203125	
132.495	77.7608871459961	4.2626953125	18.2421875	
133.023	77.279052734375	4.263671875	18.125	
133.551	77.6228179931641	4.2642578125	18.203125	
134.079	77.4100341796875	4.2708984375	18.125	
134.607	77.5733184814453	4.270703125	18.1640625	
135.135	76.7229537963867	4.2791015625	17.9296875	
135.663	76.9252014160156	4.2810546875	17.96875	
136.193	76.6117095947266	4.2822265625	17.890625	
136.721	76.4758148193359	4.283984375	17.8515625	
137.251	76.301513671875	4.28359375	17.8125	
137.777	75.6575622558594	4.29453125	17.6171875	
138.305	76.7444915771484	4.2896484375	17.890625	
138.833	76.0603790283203	4.2888671875	17.734375	
139.361	76.0603790283203	4.2888671875	17.734375	
139.889	76.1157989501953	4.2919921875	17.734375	
140.416	74.4647521972656	4.312890625	17.265625	
140.944	74.161376953125	4.31484375	17.1875	
141.472	74.5153350830078	4.3158203125	17.265625	
142	74.4849853515625	4.3140625	17.265625	
142.529	73.9492874145508	4.3123046875	17.1484375	
143.056	74.946403503418	4.3115234375	17.3828125	
143.585	74.9396133422852	4.3111328125	17.3828125	
144.112	74.265998840332	4.3111328125	17.2265625	
144.641	74.2592697143555	4.3107421875	17.2265625	
145.168	73.9090957641602	4.3099609375	17.1484375	
145.696	74.3973083496094	4.308984375	17.265625	
146.225	74.2289886474609	4.308984375	17.2265625	
146.753	74.04052734375	4.3078125	17.1875	
147.28	73.7039794921875	4.3078125	17.109375	
147.808	74.3804473876953	4.3080078125	17.265625	
148.339	74.3770751953125	4.3078125	17.265625	
148.864	74.5419692993164	4.3076171875	17.3046875	
149.392	75.0467681884766	4.3076171875	17.421875	
149.921	75.2116241455078	4.307421875	17.4609375	
150.448	74.3467254638672	4.3060546875	17.265625	
150.976	74.0069580078125	4.305859375	17.1875	
151.504	74.181884765625	4.30625	17.2265625	
152.032	74.508171081543	4.3056640625	17.3046875	
152.56	74.3332366943359	4.3052734375	17.265625	
153.088	74.9991302490234	4.3048828125	17.421875	
153.616	74.9923248291016	4.3044921875	17.421875	
154.144	74.8139953613281	4.30390625	17.3828125	
154.672	74.6560363769531	4.3044921875	17.34375	
155.2	74.6526489257813	4.304296875	17.34375	
155.728	74.1381454467774	4.3037109375	17.2265625	
156.256	74.6458740234375	4.30390625	17.34375	
156.784	74.8173904418945	4.3041015625	17.3828125	
157.312	74.4777526855469	4.30390625	17.3046875	
157.84	74.2792816162109	4.3021484375	17.265625	
158.368	74.4574737548828	4.302734375	17.3046875	
158.898	73.7784729003906	4.30234375	17.1484375	
159.424	74.8038101196289	4.3033203125	17.3828125	
159.952	73.9801025390625	4.304296875	17.1875	
160.481	73.8521575927734	4.306640625	17.1484375	
161.008	72.7693939208984	4.322265625	16.8359375	
161.536	73.3650970458984	4.317578125	16.9921875	
162.065	72.7924118041992	4.3236328125	16.8359375	
162.592	72.9370956420899	4.3322265625	16.8359375	
163.12	72.3155670166016	4.335546875	16.6796875	
163.648	72.3253402709961	4.3361328125	16.6796875	
164.176	71.3283309936524	4.3373046875	16.4453125	
164.704	71.852783203125	4.33828125	16.5625	
165.232	71.1077575683594	4.34453125	16.3671875	
165.76	71.2771835327149	4.3548828125	16.3671875	
166.288	70.2817153930664	4.3564453125	16.1328125	
166.816	69.8931884765625	4.3640625	16.015625	
167.344	68.5028076171875	4.3841796875	15.625	
167.872	67.941650390625	4.3921875	15.46875	
168.4	68.0617294311524	4.3888671875	15.5078125	
168.928	67.8751831054688	4.387890625	15.46875	
169.456	68.4106979370117	4.3892578125	15.5859375	
169.987	68.4137420654297	4.389453125	15.5859375	
170.512	67.9869689941406	4.3951171875	15.46875	
171.04	67.0047988891602	4.4095703125	15.1953125	
171.565	66.2607421875	4.4173828125	15	
172.089	66.28125	4.41875	15	
172.616	66.1553955078125	4.421875	14.9609375	
173.144	65.4905014038086	4.4236328125	14.8046875	
173.672	65.8186569213867	4.4224609375	14.8828125	
174.2	65.4644775390625	4.421875	14.8046875	
174.728	65.4355621337891	4.419921875	14.8046875	
175.255	66.1437072753906	4.42109375	14.9609375	
175.781	66.3134765625	4.4208984375	15	
176.308	65.9622650146484	4.4205078125	14.921875	
176.836	65.9535217285156	4.419921875	14.921875	
177.363	65.614013671875	4.4203125	14.84375	
177.891	66.1203308105469	4.41953125	14.9609375	
178.42	65.9476928710938	4.41953125	14.921875	
178.948	65.0988845825195	4.4205078125	14.7265625	
179.475	65.9914093017578	4.4224609375	14.921875	
180.003	65.2773284912109	4.4208984375	14.765625	
180.532	65.4471282958984	4.420703125	14.8046875	
181.062	65.6111145019531	4.4201171875	14.84375	
181.587	65.9564361572266	4.4201171875	14.921875	
182.115	65.9564361572266	4.4201171875	14.921875	
182.643	66.4802932739258	4.4205078125	15.0390625	
184.077	66.0118103027344	4.423828125	14.921875	
184.079	65.3061676025391	4.4228515625	14.765625	
184.233	65.4731521606445	4.4224609375	14.8046875	
184.755	65.8070297241211	4.4216796875	14.8828125	
185.284	65.9710083007813	4.42109375	14.921875	
185.811	65.7983093261719	4.42109375	14.8828125	
186.339	65.7895889282227	4.4205078125	14.8828125	
186.867	65.2657928466797	4.4201171875	14.765625	
187.395	65.093132019043	4.4201171875	14.7265625	
187.923	65.9622650146484	4.4205078125	14.921875	
188.451	65.63720703125	4.421875	14.84375	
188.979	65.4615859985352	4.4216796875	14.8046875	
189.507	65.8041229248047	4.421484375	14.8828125	
190.032	66.322265625	4.421484375	15	
190.559	65.9797515869141	4.4216796875	14.921875	
191.087	65.2888641357422	4.4216796875	14.765625	
191.615	65.8157501220703	4.422265625	14.8828125	
192.146	65.8302841186524	4.4232421875	14.8828125	
192.671	65.6575012207031	4.4232421875	14.84375	
193.199	65.3148193359375	4.4234375	14.765625	
193.727	65.3177032470703	4.4236328125	14.765625	
194.255	65.4789352416992	4.4228515625	14.8046875	
194.783	66.1670837402344	4.42265625	14.9609375	
195.312	65.4586944580078	4.421484375	14.8046875	
195.839	65.4702606201172	4.422265625	14.8046875	
196.369	65.6401062011719	4.4220703125	14.84375	
196.897	66.0030670166016	4.4232421875	14.921875	
197.425	65.185173034668	4.4263671875	14.7265625	
197.953	65.3465423583984	4.4255859375	14.765625	
198.481	65.7473754882813	4.429296875	14.84375	
199.009	65.384033203125	4.428125	14.765625	
199.537	65.2110595703125	4.428125	14.7265625	
200.065	65.1880493164063	4.4265625	14.7265625	
200.592	65.5136337280274	4.4251953125	14.8046875	
201.121	65.3321228027344	4.424609375	14.765625	
201.649	65.6719970703125	4.42421875	14.84375	
202.176	65.1794204711914	4.4259765625	14.7265625	
202.707	64.845085144043	4.4267578125	14.6484375	
203.233	65.5280914306641	4.426171875	14.8046875	
203.761	65.3638458251953	4.4267578125	14.765625	
204.289	64.8422241210938	4.4265625	14.6484375	
204.816	64.8250579833984	4.425390625	14.6484375	
205.344	65.3407745361328	4.4251953125	14.765625	
205.872	65.1650390625	4.425	14.7265625	
206.4	65.1679153442383	4.4251953125	14.7265625	
206.928	65.3205871582031	4.423828125	14.765625	
207.456	65.1506576538086	4.4240234375	14.7265625	
207.984	65.291748046875	4.421875	14.765625	
208.512	65.6517028808594	4.4228515625	14.84375	
209.04	63.4507598876953	4.4380859375	14.296875	
209.568	63.4507598876953	4.4380859375	14.296875	
210.097	62.7434997558594	4.437109375	14.140625	
210.625	60.3939056396484	4.4173828125	13.671875	
211.152	60.3778839111328	4.4162109375	13.671875	
211.68	60.900146484375	4.4291015625	13.75	
212.209	60.3116455078125	4.43671875	13.59375	
212.736	59.2129516601563	4.4453125	13.3203125	
213.264	58.7771148681641	4.4517578125	13.203125	
213.795	59.8970031738281	4.44453125	13.4765625	
214.32	59.7381896972656	4.45859375	13.3984375	
214.846	59.880859375	4.45625	13.4375	
215.372	59.6701507568359	4.453515625	13.3984375	
215.9	60.6063537597656	4.4583984375	13.59375	
216.429	59.4392929077149	4.4623046875	13.3203125	
216.956	60.5116195678711	4.4642578125	13.5546875	
217.484	59.98583984375	4.4640625	13.4375	
218.012	60.157585144043	4.4638671875	13.4765625	
218.54	59.6344757080078	4.4638671875	13.359375	
219.068	59.9710922241211	4.4759765625	13.3984375	
219.596	60.2666625976563	4.4849609375	13.4375	
220.124	59.42431640625	4.4875	13.2421875	
220.652	59.6177673339844	4.4888671875	13.28125	
221.18	59.7957153320313	4.4890625	13.3203125	
221.708	59.991943359375	4.490625	13.359375	
222.236	60.2196960449219	4.49453125	13.3984375	
222.764	59.1688613891602	4.4947265625	13.1640625	
223.292	59.3573303222656	4.495703125	13.203125	
223.82	60.0571746826172	4.4955078125	13.359375	
224.348	59.891975402832	4.4962890625	13.3203125	
224.878	59.4192199707031	4.500390625	13.203125	
225.404	58.2694549560547	4.506640625	12.9296875	
225.932	58.48095703125	4.509375	12.96875	
226.46	58.1336975097656	4.509765625	12.890625	
226.988	59.3668365478516	4.509765625	13.1640625	
227.516	58.6494827270508	4.5087890625	13.0078125	
228.044	58.6469421386719	4.50859375	13.0078125	
228.572	58.6545639038086	4.5091796875	13.0078125	
229.1	59.0068435668945	4.5091796875	13.0859375	
229.628	59.3719787597656	4.51015625	13.1640625	
230.157	58.8434448242188	4.51015625	13.046875	
230.684	59.0221786499024	4.5103515625	13.0859375	
231.212	59.2060546875	4.5109375	13.125	
231.74	58.8536376953125	4.5109375	13.046875	
232.268	58.6799697875977	4.5111328125	13.0078125	
232.796	58.6774291992188	4.5109375	13.0078125	
233.324	58.501220703125	4.5109375	12.96875	
233.852	59.7398529052734	4.511328125	13.2421875	
234.38	58.8587341308594	4.511328125	13.046875	
234.908	59.7346801757813	4.5109375	13.2421875	
235.436	58.4986877441406	4.5107421875	12.96875	
235.966	59.200927734375	4.510546875	13.125	
236.491	59.2188720703125	4.5119140625	13.125	
237.02	59.400260925293	4.5123046875	13.1640625	
237.548	58.8740234375	4.5125	13.046875	
238.076	58.8918609619141	4.5138671875	13.046875	
238.604	58.5493469238281	4.5146484375	12.96875	
239.132	58.9122467041016	4.5154296875	13.046875	
239.66	58.5670776367188	4.516015625	12.96875	
240.188	59.27783203125	4.51640625	13.125	
240.716	59.4645385742188	4.5171875	13.1640625	
241.243	59.8252029418945	4.5177734375	13.2421875	
241.772	58.7612686157227	4.5173828125	13.0078125	
242.3	59.1193008422852	4.5177734375	13.0859375	
242.828	59.4773941040039	4.5181640625	13.1640625	
243.356	59.6487274169922	4.5177734375	13.203125	
243.883	58.5848083496094	4.5173828125	12.96875	
244.411	59.1167449951172	4.517578125	13.0859375	
244.94	58.9351806640625	4.5171875	13.046875	
245.467	58.751106262207	4.5166015625	13.0078125	
245.995	59.2906494140625	4.5173828125	13.125	
246.523	58.7612686157227	4.5173828125	13.0078125	
247.054	59.2855224609375	4.5169921875	13.125	
247.579	58.5746765136719	4.5166015625	12.96875	
248.108	58.9198913574219	4.516015625	13.046875	
248.635	59.272705078125	4.516015625	13.125	
249.163	59.1014099121094	4.51640625	13.0859375	
249.692	57.8521957397461	4.5291015625	12.7734375	
250.219	57.5504302978516	4.533203125	12.6953125	
250.748	57.0314788818359	4.5341796875	12.578125	
251.276	57.0830688476563	4.53828125	12.578125	
251.803	57.2973098754883	4.5412109375	12.6171875	
252.331	57.1272888183594	4.541796875	12.578125	
252.859	57.1174621582031	4.541015625	12.578125	
253.387	57.1076354980469	4.540234375	12.578125	
253.915	57.2775955200195	4.5396484375	12.6171875	
254.443	57.0978088378906	4.539453125	12.578125	
254.971	57.6248168945313	4.5390625	12.6953125	
255.499	57.447509765625	4.5390625	12.65625	
256.027	56.74072265625	4.5392578125	12.5	
256.557	56.9180374145508	4.5392578125	12.5390625	
257.085	56.9204864501953	4.539453125	12.5390625	
257.613	56.9351806640625	4.540625	12.5390625	
258.143	56.9768142700195	4.5439453125	12.5390625	
258.667	55.986328125	4.55	12.3046875	
259.192	56.558349609375	4.553125	12.421875	
259.721	55.5126342773438	4.5548828125	12.1875	
260.249	55.1567840576172	4.5548828125	12.109375	
260.777	56.0295867919922	4.553515625	12.3046875	
261.305	56.2050476074219	4.5533203125	12.34375	
261.833	56.2002258300781	4.5529296875	12.34375	
262.361	55.8421325683594	4.552734375	12.265625	
262.889	56.0271835327148	4.5533203125	12.3046875	
263.416	56.0247802734375	4.553125	12.3046875	
263.944	56.0295867919922	4.553515625	12.3046875	
264.473	55.3204727172852	4.5537109375	12.1484375	
265.001	55.4983520507813	4.5537109375	12.1875	
265.528	55.6857833862305	4.5544921875	12.2265625	
266.056	56.0391998291016	4.554296875	12.3046875	
266.584	55.5078735351563	4.5544921875	12.1875	
267.113	55.3323364257813	4.5546875	12.1484375	
267.64	56.0464096069336	4.5548828125	12.3046875	
268.168	56.0464096069336	4.5548828125	12.3046875	
268.699	55.3347091674805	4.5548828125	12.1484375	
269.224	55.8756713867188	4.55546875	12.265625	
269.752	55.8804626464844	4.555859375	12.265625	
270.28	55.8756713867188	4.55546875	12.265625	
270.809	55.88525390625	4.55625	12.265625	
271.337	55.3489456176758	4.5560546875	12.1484375	
271.864	55.1686096191406	4.555859375	12.109375	
272.392	56.5923156738281	4.555859375	12.421875	
272.92	55.8732757568359	4.5552734375	12.265625	
273.448	55.8732757568359	4.5552734375	12.265625	
273.976	55.6929473876953	4.555078125	12.2265625	
274.504	55.3418273925781	4.55546875	12.1484375	
275.032	57.1213073730469	4.55546875	12.5390625	
275.56	55.5173950195313	4.5552734375	12.1875	
276.088	56.0512161254883	4.5552734375	12.3046875	
276.616	56.0536193847656	4.55546875	12.3046875	
277.145	56.4046783447266	4.555078125	12.3828125	
277.672	55.3347091674805	4.5548828125	12.1484375	
278.2	56.0391998291016	4.554296875	12.3046875	
278.728	55.5078735351563	4.5544921875	12.1875	
279.256	55.8636932373047	4.5544921875	12.265625	
279.786	55.1449584960938	4.55390625	12.109375	
280.312	55.500732421875	4.55390625	12.1875	
280.84	55.3228454589844	4.55390625	12.1484375	
281.368	55.4912109375	4.553125	12.1875	
281.896	55.1425933837891	4.5537109375	12.109375	
282.424	56.0343933105469	4.55390625	12.3046875	
282.952	55.8589019775391	4.5541015625	12.265625	
283.48	55.4983520507813	4.5537109375	12.1875	
284.008	56.5632019042969	4.553515625	12.421875	
284.537	55.1378631591797	4.5533203125	12.109375	
285.064	56.2002258300781	4.5529296875	12.34375	
285.592	55.135498046875	4.553125	12.109375	
286.12	55.8421325683594	4.552734375	12.265625	
286.648	55.8373413085938	4.55234375	12.265625	
287.176	55.8373413085938	4.55234375	12.265625	
287.704	55.6642913818359	4.552734375	12.2265625	
288.232	56.0247802734375	4.553125	12.3046875	
288.76	56.3829116821289	4.5533203125	12.3828125	
289.288	55.8517150878906	4.553515625	12.265625	
289.816	55.3133544921875	4.553125	12.1484375	
290.344	56.0271835327148	4.5533203125	12.3046875	
290.874	56.0295867919922	4.553515625	12.3046875	
291.4	56.3901672363281	4.55390625	12.3828125	
291.928	55.8660888671875	4.5546875	12.265625	
292.455	55.3821640014648	4.5587890625	12.1484375	
292.984	55.7502593994141	4.559765625	12.2265625	
293.512	56.0992813110352	4.5591796875	12.3046875	
294.04	55.557861328125	4.55859375	12.1875	
294.568	55.9116058349609	4.5583984375	12.265625	
295.096	54.8502807617188	4.558984375	12.03125	
295.624	54.5081176757813	4.56015625	11.953125	
296.152	54.911376953125	4.5640625	12.03125	
296.68	54.0615692138672	4.567578125	11.8359375	
297.207	54.0546340942383	4.5669921875	11.8359375	
297.736	54.7705688476563	4.5671875	11.9921875	
298.264	54.7846221923828	4.568359375	11.9921875	
298.792	54.6365203857422	4.5708984375	11.953125	
299.317	53.61328125	4.575	11.71875	
299.843	54.1679077148438	4.5765625	11.8359375	
300.372	53.464225769043	4.5775390625	11.6796875	
300.899	53.6705017089844	4.5798828125	11.71875	
301.427	53.4916000366211	4.5798828125	11.6796875	
301.958	52.7070007324219	4.589453125	11.484375	
302.483	52.5657272338867	4.5927734375	11.4453125	
303.011	52.415283203125	4.5953125	11.40625	
303.539	52.0983123779297	4.5990234375	11.328125	
304.067	52.2846221923828	4.599609375	11.3671875	
304.596	51.9385070800781	4.60078125	11.2890625	
305.123	50.7170562744141	4.6041015625	11.015625	
305.651	51.4408111572266	4.6044921875	11.171875	
306.179	51.2587738037109	4.604296875	11.1328125	
306.707	51.9870147705078	4.605078125	11.2890625	
307.235	50.7364196777344	4.605859375	11.015625	
307.763	51.8115234375	4.60546875	11.25	
308.291	51.6338119506836	4.6056640625	11.2109375	
308.82	52.1669006347656	4.605078125	11.328125	
309.347	50.9163360595703	4.605859375	11.0546875	
309.875	52.1779632568359	4.6060546875	11.328125	
310.403	51.4560852050781	4.605859375	11.171875	
310.931	51.2848663330078	4.606640625	11.1328125	
311.459	51.4866333007813	4.60859375	11.171875	
311.987	51.84228515625	4.608203125	11.25	
312.517	50.7622375488281	4.608203125	11.015625	
313.043	52.0222930908203	4.608203125	11.2890625	
313.571	51.4866333007813	4.60859375	11.171875	
314.099	51.4866333007813	4.60859375	11.171875	
314.627	51.6688461303711	4.6087890625	11.2109375	
315.155	51.3131332397461	4.6091796875	11.1328125	
315.683	51.1374206542969	4.6095703125	11.09375	
316.213	51.3218307495117	4.6099609375	11.1328125	
316.741	51.1417541503906	4.6099609375	11.09375	
317.268	51.6797943115234	4.609765625	11.2109375	
317.797	51.4997253417969	4.609765625	11.171875	
318.325	51.4997253417969	4.609765625	11.171875	
318.853	52.2222137451172	4.6099609375	11.328125	
319.381	51.1439208984375	4.61015625	11.09375	
319.909	51.6819839477539	4.6099609375	11.2109375	
320.437	51.1460876464844	4.6103515625	11.09375	
320.964	52.2200012207031	4.609765625	11.328125	
321.492	51.85986328125	4.609765625	11.25	
322.021	50.775146484375	4.609375	11.015625	
322.549	51.3153076171875	4.609375	11.1328125	
323.077	52.0311126708984	4.608984375	11.2890625	
323.608	51.495361328125	4.609375	11.171875	
324.133	51.4909973144531	4.608984375	11.171875	
324.661	51.848876953125	4.6087890625	11.25	
325.189	51.4888153076172	4.6087890625	11.171875	
325.716	52.3867492675781	4.60859375	11.3671875	
326.244	51.853271484375	4.6091796875	11.25	
326.772	51.6754150390625	4.609375	11.2109375	
327.3	51.495361328125	4.609375	11.171875	
327.828	52.2266387939453	4.6103515625	11.328125	
328.356	51.86865234375	4.610546875	11.25	
328.884	51.1504211425781	4.6107421875	11.09375	
329.412	52.0465469360352	4.6103515625	11.2890625	
329.94	52.7669143676758	4.6103515625	11.4453125	
330.468	51.1482543945313	4.610546875	11.09375	
330.996	52.2310638427734	4.6107421875	11.328125	
331.524	52.0553665161133	4.6111328125	11.2890625	
332.052	52.0509567260742	4.6107421875	11.2890625	
332.58	51.1504211425781	4.6107421875	11.09375	
333.108	51.5040893554688	4.61015625	11.171875	
333.634	51.873046875	4.6109375	11.25	
334.16	51.339225769043	4.6115234375	11.1328125	
334.691	51.5193634033203	4.6115234375	11.171875	
335.217	51.3435745239258	4.6119140625	11.1328125	
335.745	52.0619812011719	4.61171875	11.2890625	
336.272	52.2443389892578	4.6119140625	11.328125	
336.8	52.4267120361328	4.612109375	11.3671875	
337.328	52.0641860961914	4.6119140625	11.2890625	
337.856	51.888427734375	4.6123046875	11.25	
338.385	52.4267120361328	4.612109375	11.3671875	
338.912	51.1590881347656	4.6115234375	11.09375	
339.44	52.2443389892578	4.6119140625	11.328125	
339.968	52.2377014160156	4.611328125	11.328125	
340.496	51.3370513916016	4.611328125	11.1328125	
341.024	51.6973114013672	4.611328125	11.2109375	
341.552	52.7713851928711	4.6107421875	11.4453125	
342.08	51.6885528564453	4.610546875	11.2109375	
342.608	51.870849609375	4.6107421875	11.25	
343.136	51.6907424926758	4.6107421875	11.2109375	
343.664	51.5390014648438	4.61328125	11.171875	
344.192	50.5197143554688	4.6189453125	10.9375	
344.72	51.7717590332031	4.61796875	11.2109375	
345.248	50.6915664672852	4.6181640625	10.9765625	
345.778	51.4262008666992	4.6193359375	11.1328125	
346.304	49.9805450439453	4.619140625	10.8203125	
346.832	51.4240264892578	4.619140625	11.1328125	
347.367	50.517578125	4.61875	10.9375	
347.885	50.697998046875	4.61875	10.9765625	
348.412	50.1588592529297	4.6189453125	10.859375	
348.94	51.4153289794922	4.618359375	11.1328125	
349.468	50.7001419067383	4.6189453125	10.9765625	
349.996	50.3456726074219	4.61953125	10.8984375	
350.524	50.8827209472656	4.619140625	11.015625	
351.052	50.8934783935547	4.6201171875	11.015625	
351.58	50.9106903076172	4.6216796875	11.015625	
352.108	51.1106567382813	4.6234375	11.0546875	
352.636	50.2309722900391	4.6255859375	10.859375	
353.164	50.2288513183594	4.625390625	10.859375	
353.692	51.1128158569336	4.6236328125	11.0546875	
354.22	50.4521026611328	4.629296875	10.8984375	
354.748	48.8493347167969	4.631640625	10.546875	
355.276	49.5667572021484	4.6310546875	10.703125	
355.804	50.1052322387695	4.6306640625	10.8203125	
356.334	50.4627456665039	4.6302734375	10.8984375	
356.859	49.5604858398438	4.63046875	10.703125	
357.388	49.9243469238281	4.6306640625	10.78125	
357.916	50.1031188964844	4.63046875	10.8203125	
358.444	49.7413635253906	4.63046875	10.7421875	
358.971	50.1010055541992	4.6302734375	10.8203125	
359.5	50.8266296386719	4.63046875	10.9765625	
360.028	49.7455596923828	4.630859375	10.7421875	
360.555	49.5646667480469	4.630859375	10.703125	
361.083	49.385856628418	4.6310546875	10.6640625	
361.611	49.9348754882813	4.631640625	10.78125	
362.14	50.2882385253906	4.630859375	10.859375	
362.667	49.7413635253906	4.63046875	10.7421875	
363.195	49.5563049316406	4.630078125	10.703125	
363.723	49.9180297851563	4.630078125	10.78125	
364.251	49.5583953857422	4.6302734375	10.703125	
364.78	49.7350692749023	4.6298828125	10.7421875	
365.307	49.3775253295898	4.6302734375	10.6640625	
365.835	49.9306640625	4.63125	10.78125	
366.363	49.5730285644531	4.631640625	10.703125	
366.892	49.2174072265625	4.6322265625	10.625	
367.422	49.7455596923828	4.630859375	10.7421875	
367.947	50.1031188964844	4.63046875	10.8203125	
368.476	50.1031188964844	4.63046875	10.8203125	
369.003	50.2733917236328	4.6294921875	10.859375	
369.531	49.3566970825195	4.6283203125	10.6640625	
370.06	49.8927612304688	4.627734375	10.78125	
370.587	49.9011840820313	4.628515625	10.78125	
371.115	49.7203826904297	4.628515625	10.7421875	
371.643	50.0819854736328	4.628515625	10.8203125	
372.171	50.4414596557617	4.6283203125	10.8984375	
372.699	50.8009033203125	4.628125	10.9765625	
373.227	50.2564239501953	4.6279296875	10.859375	
373.755	50.6179809570313	4.6279296875	10.9375	
374.283	50.6414794921875	4.630078125	10.9375	
374.811	48.7115097045898	4.6357421875	10.5078125	
375.336	49.2734375	4.6375	10.625	
375.863	48.5529174804688	4.637890625	10.46875	
376.393	49.4629211425781	4.63828125	10.6640625	
376.921	48.7381896972656	4.63828125	10.5078125	
377.449	48.9358520507813	4.63984375	10.546875	
377.977	48.4450836181641	4.644921875	10.4296875	
378.507	48.6347045898438	4.645703125	10.46875	
379.032	48.4389724731445	4.6443359375	10.4296875	
379.561	48.432861328125	4.64375	10.4296875	
380.088	48.97705078125	4.64375	10.546875	
380.617	48.0619812011719	4.64296875	10.3515625	
381.144	48.0640029907227	4.6431640625	10.3515625	
381.673	48.7874450683594	4.64296875	10.5078125	
382.201	48.4267501831055	4.6431640625	10.4296875	
382.729	48.4247131347656	4.64296875	10.4296875	
383.256	48.0660247802734	4.643359375	10.3515625	
383.785	48.6060791015625	4.64296875	10.46875	
384.312	48.6060791015625	4.64296875	10.46875	
384.841	48.4226760864258	4.6427734375	10.4296875	
385.368	48.0619812011719	4.64296875	10.3515625	
385.896	48.7874450683594	4.64296875	10.5078125	
386.425	47.880615234375	4.64296875	10.3125	
386.952	47.8786010742188	4.6427734375	10.3125	
387.48	48.2392883300781	4.642578125	10.390625	
388.008	48.2392883300781	4.642578125	10.390625	
388.536	48.4124908447266	4.641796875	10.4296875	
389.064	48.7977066040039	4.6439453125	10.5078125	
389.595	48.2433471679688	4.64296875	10.390625	
390.12	48.5958557128906	4.6419921875	10.46875	
390.648	48.2433471679688	4.64296875	10.390625	
391.176	48.4287872314453	4.643359375	10.4296875	
391.704	48.2372589111328	4.6423828125	10.390625	
392.232	48.0559158325195	4.6423828125	10.3515625	
392.76	48.4186019897461	4.6423828125	10.4296875	
393.288	48.051872253418	4.6419921875	10.3515625	
393.816	48.5958557128906	4.6419921875	10.46875	
394.344	48.0538940429688	4.6421875	10.3515625	
394.872	48.5917663574219	4.6416015625	10.46875	
395.4	48.5876770019531	4.6412109375	10.46875	
395.928	48.2271118164063	4.64140625	10.390625	
396.456	48.0498504638672	4.641796875	10.3515625	
396.984	49.1398391723633	4.6419921875	10.5859375	
397.512	47.5058898925781	4.641796875	10.234375	
398.04	48.4104537963867	4.6416015625	10.4296875	
398.569	48.7669219970703	4.641015625	10.5078125	
399.096	47.6791839599609	4.641015625	10.2734375	
399.624	48.8161773681641	4.645703125	10.5078125	
400.155	48.1246566772461	4.6490234375	10.3515625	
400.68	47.2087097167969	4.6482421875	10.15625	
401.208	47.757438659668	4.6486328125	10.2734375	
401.736	47.93701171875	4.6484375	10.3125	
402.264	47.9410400390625	4.648828125	10.3125	
402.792	47.9490966796875	4.649609375	10.3125	
403.32	47.7614517211914	4.6490234375	10.2734375	
403.848	47.7594451904297	4.648828125	10.2734375	
404.376	47.7554321289063	4.6484375	10.2734375	
404.904	48.663330078125	4.6484375	10.46875	
405.429	47.771484375	4.65	10.2734375	
405.956	47.6198272705078	4.6529296875	10.234375	
406.481	46.634765625	4.6634765625	10	
407.008	46.3033752441406	4.666796875	9.921875	
407.536	45.9349365234375	4.66640625	9.84375	
408.064	46.3033752441406	4.666796875	9.921875	
408.592	45.2568969726563	4.6716796875	9.6875	
409.12	45.3401489257813	4.6802734375	9.6875	
409.648	45.1460189819336	4.6791015625	9.6484375	
410.176	45.3287963867188	4.6791015625	9.6875	
410.703	44.9613647460938	4.67890625	9.609375	
411.232	45.1441345214844	4.67890625	9.6484375	
411.763	45.3306884765625	4.679296875	9.6875	
412.288	45.3325805664063	4.6794921875	9.6875	
412.816	45.5172729492188	4.6796875	9.7265625	
413.343	45.3363647460938	4.6798828125	9.6875	
413.872	45.342041015625	4.68046875	9.6875	
414.4	45.3477172851563	4.6810546875	9.6875	
414.927	45.3458251953125	4.680859375	9.6875	
415.455	45.898193359375	4.68125	9.8046875	
415.984	45.3458251953125	4.680859375	9.6875	
416.511	45.7019805908203	4.6798828125	9.765625	
417.039	45.149787902832	4.6794921875	9.6484375	
417.568	45.5172729492188	4.6796875	9.7265625	
418.095	45.519172668457	4.6798828125	9.7265625	
418.623	45.1516723632813	4.6796875	9.6484375	
419.152	45.5153732299805	4.6794921875	9.7265625	
419.679	44.9707489013672	4.6798828125	9.609375	
420.207	44.7842025756836	4.6794921875	9.5703125	
420.736	45.7000732421875	4.6796875	9.765625	
421.264	45.8809585571289	4.6794921875	9.8046875	
421.791	46.6024017333984	4.678515625	9.9609375	
422.319	45.5001754760742	4.6779296875	9.7265625	
422.85	45.3155517578125	4.677734375	9.6875	
423.375	44.7692489624023	4.6779296875	9.5703125	
423.903	45.3136596679688	4.6775390625	9.6875	
424.431	45.1403656005859	4.678515625	9.6484375	
424.964	45.1422500610352	4.6787109375	9.6484375	
425.487	45.8771286010742	4.6791015625	9.8046875	
426.015	45.5134735107422	4.679296875	9.7265625	
426.543	46.4332122802734	4.6798828125	9.921875	
427.071	46.0618286132813	4.679296875	9.84375	
427.599	45.3306884765625	4.679296875	9.6875	
428.127	45.6981658935547	4.6794921875	9.765625	
428.655	45.8752136230469	4.67890625	9.8046875	
429.184	44.953857421875	4.678125	9.609375	
429.712	45.3174438476563	4.6779296875	9.6875	
430.239	45.6790924072266	4.6775390625	9.765625	
430.767	45.8637237548828	4.677734375	9.8046875	
431.296	45.1441345214844	4.67890625	9.6484375	
431.823	44.7842025756836	4.6794921875	9.5703125	
432.351	45.6886291503906	4.678515625	9.765625	
432.879	44.5939636230469	4.6787109375	9.53125	
433.407	45.5020751953125	4.678125	9.7265625	
433.938	45.3174438476563	4.6779296875	9.6875	
434.463	44.9613647460938	4.67890625	9.609375	
434.991	45.3325805664063	4.6794921875	9.6875	
435.519	44.9707489013672	4.6798828125	9.609375	
436.047	44.2949066162109	4.6857421875	9.453125	
436.576	44.6758728027344	4.6873046875	9.53125	
437.105	44.5131683349609	4.689453125	9.4921875	
437.633	44.5094604492188	4.6890625	9.4921875	
438.161	44.1504821777344	4.68984375	9.4140625	
438.689	43.8004989624023	4.6916015625	9.3359375	
439.216	43.2687072753906	4.6935546875	9.21875	
439.745	43.2741088867188	4.694140625	9.21875	
440.273	43.4484329223633	4.6931640625	9.2578125	
440.8	43.6426544189453	4.6943359375	9.296875	
441.328	43.8260269165039	4.6943359375	9.3359375	
441.856	44.01123046875	4.69453125	9.375	
442.384	44.1909332275391	4.694140625	9.4140625	
442.912	43.453857421875	4.69375	9.2578125	
443.441	43.8169097900391	4.693359375	9.3359375	
443.968	43.6335754394531	4.693359375	9.296875	
444.496	43.4502410888672	4.693359375	9.2578125	
445.027	43.820556640625	4.69375	9.3359375	
445.552	44.3872222900391	4.6955078125	9.453125	
446.08	44.3927612304688	4.69609375	9.453125	
446.608	44.022216796875	4.695703125	9.375	
447.136	43.4701309204102	4.6955078125	9.2578125	
447.664	43.6535491943359	4.6955078125	9.296875	
448.192	43.4647064208984	4.694921875	9.2578125	
448.72	43.4647064208984	4.694921875	9.2578125	
449.248	43.8333206176758	4.6951171875	9.3359375	
449.776	43.8314971923828	4.694921875	9.3359375	
450.304	44.3835296630859	4.6951171875	9.453125	
450.833	44.014892578125	4.694921875	9.375	
451.36	43.3299255371094	4.7001953125	9.21875	
451.888	43.3335266113281	4.7005859375	9.21875	
452.416	43.5081024169922	4.699609375	9.2578125	
452.944	42.7737884521484	4.699609375	9.1015625	
453.472	42.3960571289063	4.6984375	9.0234375	
454	42.7666778564453	4.698828125	9.1015625	
454.528	42.5760498046875	4.698046875	9.0625	
455.056	42.9502258300781	4.698828125	9.140625	
455.584	42.9484405517578	4.6986328125	9.140625	
456.114	42.9537963867188	4.69921875	9.140625	
456.64	43.8843765258789	4.7005859375	9.3359375	
457.168	42.6061401367188	4.7013671875	9.0625	
457.696	42.7968978881836	4.7021484375	9.1015625	
458.224	43.0555572509766	4.7103515625	9.140625	
458.752	41.4081573486328	4.711328125	8.7890625	
459.28	41.9637451171875	4.71171875	8.90625	
459.808	41.7796936035156	4.71171875	8.8671875	
460.336	40.8695983886719	4.712890625	8.671875	
460.864	41.239501953125	4.7130859375	8.75	
461.392	42.5388107299805	4.7142578125	9.0234375	
461.92	41.6352996826172	4.7162109375	8.828125	
462.448	41.1319580078125	4.721875	8.7109375	
462.976	40.2014007568359	4.7208984375	8.515625	
463.504	40.9339599609375	4.7203125	8.671875	
464.032	41.1183471679688	4.7203125	8.7109375	
464.56	40.5618286132813	4.719921875	8.59375	
465.088	40.372444152832	4.7193359375	8.5546875	
465.616	40.372444152832	4.7193359375	8.5546875	
466.144	41.6663360595703	4.7197265625	8.828125	
466.672	40.7462005615234	4.719921875	8.6328125	
467.202	40.5618286132813	4.719921875	8.59375	
467.728	40.744514465332	4.7197265625	8.6328125	
468.256	41.1166458129883	4.7201171875	8.7109375	
468.784	40.1914215087891	4.7197265625	8.515625	
469.312	41.1166458129883	4.7201171875	8.7109375	
469.84	40.9305725097656	4.719921875	8.671875	
470.368	40.5567932128906	4.7193359375	8.59375	
470.896	40.5551147460938	4.719140625	8.59375	
471.424	40.9271850585938	4.71953125	8.671875	
471.952	41.1166458129883	4.7201171875	8.7109375	
472.48	40.1930847167969	4.719921875	8.515625	
473.008	41.1166458129883	4.7201171875	8.7109375	
473.536	41.6680603027344	4.719921875	8.828125	
474.064	40.744514465332	4.7197265625	8.6328125	
474.592	40.7478866577148	4.7201171875	8.6328125	
475.12	40.5601501464844	4.7197265625	8.59375	
475.647	40.9339599609375	4.7203125	8.671875	
476.175	41.4974212646484	4.721484375	8.7890625	
476.704	40.2213592529297	4.7232421875	8.515625	
477.232	40.2546234130859	4.7271484375	8.515625	
477.762	39.6957397460938	4.7265625	8.3984375	
478.287	40.6172180175781	4.7263671875	8.59375	
478.815	40.2479705810547	4.7263671875	8.515625	
479.343	40.9949340820313	4.72734375	8.671875	
479.872	39.697380065918	4.7267578125	8.3984375	
480.4	39.6957397460938	4.7265625	8.3984375	
480.927	40.6138610839844	4.7259765625	8.59375	
481.456	40.2463073730469	4.726171875	8.515625	
481.983	40.4292526245117	4.7259765625	8.5546875	
482.511	39.873779296875	4.72578125	8.4375	
483.039	40.0583801269531	4.72578125	8.4765625	
483.567	40.6071472167969	4.7251953125	8.59375	
484.095	39.6809768676758	4.7248046875	8.3984375	
484.624	40.2346649169922	4.7248046875	8.515625	
485.152	39.6776962280273	4.7244140625	8.3984375	
485.679	40.4175567626953	4.724609375	8.5546875	
486.207	40.2330017089844	4.724609375	8.515625	
486.735	39.8638916015625	4.724609375	8.4375	
487.264	39.8638916015625	4.724609375	8.4375	
487.792	40.4175567626953	4.724609375	8.5546875	
488.319	39.8638916015625	4.724609375	8.4375	
488.847	40.974609375	4.725	8.671875	
489.372	39.8671875	4.725	8.4375	
489.896	40.4208984375	4.725	8.5546875	
490.424	40.0534133911133	4.7251953125	8.4765625	
490.951	39.860595703125	4.72421875	8.4375	
491.479	39.3069763183594	4.72421875	8.3203125	
492.007	40.7799224853516	4.723828125	8.6328125	
492.535	40.0385131835938	4.7234375	8.4765625	
493.063	40.2213592529297	4.7232421875	8.515625	
493.591	40.2196960449219	4.723046875	8.515625	
494.119	40.2063903808594	4.721484375	8.515625	
494.647	40.3941650390625	4.721875	8.5546875	
495.175	40.0219573974609	4.721484375	8.4765625	
495.703	40.0219573974609	4.721484375	8.4765625	
496.232	39.8391723632813	4.7216796875	8.4375	
496.761	40.5769348144531	4.7216796875	8.59375	
497.289	40.2130432128906	4.722265625	8.515625	
497.817	40.1997375488281	4.720703125	8.515625	
498.344	40.5735778808594	4.7212890625	8.59375	
498.872	40.1964111328125	4.7203125	8.515625	
499.401	40.9339599609375	4.7203125	8.671875	
499.929	40.5601501464844	4.7197265625	8.59375	
500.459	40.1880950927734	4.7193359375	8.515625	
500.984	39.998779296875	4.71875	8.4765625	
501.512	39.8177490234375	4.719140625	8.4375	
502.041	39.2630996704102	4.7189453125	8.3203125	
502.568	39.0820007324219	4.7193359375	8.28125	
503.096	40.5584716796875	4.71953125	8.59375	
503.624	40.0020904541016	4.719140625	8.4765625	
504.152	40.18310546875	4.71875	8.515625	
504.68	39.6465301513672	4.720703125	8.3984375	
505.208	39.4670257568359	4.7212890625	8.359375	
505.737	40.0186462402344	4.72109375	8.4765625	
506.264	40.3891525268555	4.7212890625	8.5546875	
506.792	40.0318908691406	4.72265625	8.4765625	
507.32	40.040168762207	4.7236328125	8.4765625	
507.848	40.0583801269531	4.72578125	8.4765625	
508.376	39.5160064697266	4.7271484375	8.359375	
508.904	39.3687286376953	4.731640625	8.3203125	
509.432	38.2755432128906	4.73359375	8.0859375	
509.96	39.0071182250977	4.7326171875	8.2421875	
510.488	39.3736038208008	4.7322265625	8.3203125	
511.017	39.0071182250977	4.7326171875	8.2421875	
511.546	39.0328750610352	4.7357421875	8.2421875	
512.072	38.3039703369141	4.737109375	8.0859375	
512.6	39.4061050415039	4.7361328125	8.3203125	
513.128	39.219482421875	4.7359375	8.28125	
513.656	37.3756713867188	4.73671875	7.890625	
514.185	38.482666015625	4.736328125	8.125	
514.712	38.1315002441406	4.738671875	8.046875	
515.24	38.6836242675781	4.73828125	8.1640625	
515.768	37.9448318481445	4.7384765625	8.0078125	
516.296	38.8815307617188	4.73984375	8.203125	
516.824	38.1440734863281	4.740234375	8.046875	
517.352	38.3292388916016	4.740234375	8.0859375	
517.88	37.9604721069336	4.7404296875	8.0078125	
518.408	38.5255126953125	4.7416015625	8.125	
518.936	38.5255126953125	4.7416015625	8.125	
519.461	38.5302734375	4.7421875	8.125	
519.988	37.6009674072266	4.741796875	7.9296875	
520.516	37.7799682617188	4.741015625	7.96875	
521.044	37.7784118652344	4.7408203125	7.96875	
521.572	37.5916748046875	4.740625	7.9296875	
522.1	38.3292388916016	4.740234375	8.0859375	
522.63	38.3245010375977	4.7396484375	8.0859375	
523.156	38.3260803222656	4.73984375	8.0859375	
523.684	38.8815307617188	4.73984375	8.203125	
524.212	37.587028503418	4.7400390625	7.9296875	
524.74	37.7690734863281	4.7396484375	7.96875	
525.268	37.8002014160156	4.7435546875	7.96875	
525.796	37.4280700683594	4.743359375	7.890625	
526.324	38.357666015625	4.74375	8.0859375	
526.852	37.6195526123047	4.744140625	7.9296875	
527.38	37.2581176757813	4.7453125	7.8515625	
527.908	37.103271484375	4.74921875	7.8125	
528.436	36.3776550292969	4.7513671875	7.65625	
528.964	36.3881225585938	4.752734375	7.65625	
529.492	36.3955993652344	4.7537109375	7.65625	
530.02	37.7016372680664	4.7544921875	7.9296875	
530.548	37.1429443359375	4.754296875	7.8125	
531.076	37.3455276489258	4.7564453125	7.8515625	
531.604	36.7971954345703	4.7576171875	7.734375	
532.132	36.8032379150391	4.7583984375	7.734375	
532.66	35.5006561279297	4.758203125	7.4609375	
533.188	36.8062591552734	4.7587890625	7.734375	
533.718	36.8062591552734	4.7587890625	7.734375	
534.244	35.8930053710938	4.7609375	7.5390625	
534.772	35.9121475219727	4.7634765625	7.5390625	
535.299	35.5487442016602	4.7646484375	7.4609375	
535.825	35.7421875	4.765625	7.5	
536.352	35.9342346191406	4.76640625	7.5390625	
536.879	35.3800201416016	4.7669921875	7.421875	
537.407	34.8556289672852	4.7716796875	7.3046875	
537.935	35.9754638671875	4.771875	7.5390625	
538.464	34.5040130615234	4.774609375	7.2265625	
538.992	34.884162902832	4.7755859375	7.3046875	
539.519	35.260139465332	4.7759765625	7.3828125	
540.047	35.4496002197266	4.7763671875	7.421875	
540.575	34.1421661376953	4.776171875	7.1484375	
541.103	34.8884429931641	4.776171875	7.3046875	
541.631	35.4496002197266	4.7763671875	7.421875	
542.159	34.7075500488281	4.776953125	7.265625	
542.687	35.2933044433594	4.78046875	7.3828125	
543.216	34.5534133911133	4.7814453125	7.2265625	
543.743	34.5548248291016	4.781640625	7.2265625	
544.271	34.7572174072266	4.7837890625	7.265625	
544.802	34.3947143554688	4.7853515625	7.1875	
545.328	35.146728515625	4.7859375	7.34375	
545.855	34.0666809082031	4.791796875	7.109375	
546.383	34.0791778564453	4.7935546875	7.109375	
546.911	34.0791778564453	4.7935546875	7.109375	
547.439	34.2734069824219	4.79453125	7.1484375	
547.967	34.0888977050781	4.794921875	7.109375	
548.495	34.4705200195313	4.7958984375	7.1875	
549.023	34.6663284301758	4.7970703125	7.2265625	
549.551	33.7403869628906	4.7986328125	7.03125	
550.076	33.75	4.8	7.03125	
550.603	34.5014038085938	4.8001953125	7.1875	
551.131	34.5084228515625	4.801171875	7.1875	
551.659	34.1402740478516	4.8021484375	7.109375	
552.187	33.577522277832	4.8021484375	6.9921875	
552.715	34.3292541503906	4.80234375	7.1484375	
553.243	33.7637329101563	4.801953125	7.03125	
553.771	33.9513092041016	4.801953125	7.0703125	
554.299	34.1444396972656	4.802734375	7.109375	
554.827	34.1458282470703	4.8029296875	7.109375	
555.355	33.9582138061523	4.8029296875	7.0703125	
555.886	34.3362350463867	4.8033203125	7.1484375	
556.412	34.3334426879883	4.8029296875	7.1484375	
556.94	33.2077560424805	4.8029296875	6.9140625	
557.468	33.77197265625	4.803125	7.03125	
557.996	33.9582138061523	4.8029296875	7.0703125	
558.524	34.147216796875	4.803125	7.109375	
559.052	33.963737487793	4.8037109375	7.0703125	
559.58	33.5993728637695	4.8052734375	6.9921875	
560.108	34.3585739135742	4.8064453125	7.1484375	
560.636	34.1708221435547	4.8064453125	7.109375	
561.164	34.1735992431641	4.8068359375	7.109375	
561.692	34.7383117675781	4.80703125	7.2265625	
562.22	33.9872131347656	4.80703125	7.0703125	
562.748	34.1749877929688	4.80703125	7.109375	
563.276	34.1749877929688	4.80703125	7.109375	
563.804	33.9885940551758	4.8072265625	7.0703125	
564.332	33.9872131347656	4.80703125	7.0703125	
564.86	34.3655548095703	4.807421875	7.1484375	
565.388	33.8021850585938	4.807421875	7.03125	
565.916	34.3655548095703	4.807421875	7.1484375	
566.444	34.1791534423828	4.8076171875	7.109375	
566.974	33.6143951416016	4.807421875	6.9921875	
567.5	34.1749877929688	4.80703125	7.109375	
568.028	34.550537109375	4.80703125	7.1875	
568.556	33.7953186035156	4.8064453125	7.03125	
569.082	34.544921875	4.80625	7.1875	
569.608	34.9189910888672	4.8060546875	7.265625	
570.136	33.2280120849609	4.805859375	6.9140625	
570.664	33.6021041870117	4.8056640625	6.9921875	
571.192	34.9218292236328	4.8064453125	7.265625	
571.72	33.9803085327148	4.8060546875	7.0703125	
572.248	34.5421142578125	4.805859375	7.1875	
572.776	33.7911987304688	4.805859375	7.03125	
573.304	33.7898254394531	4.8056640625	7.03125	
573.832	33.9775466918945	4.8056640625	7.0703125	
574.36	33.5993728637695	4.8052734375	6.9921875	
574.888	33.9720230102539	4.8048828125	7.0703125	
575.415	34.5350952148438	4.8048828125	7.1875	
575.944	34.1597137451172	4.8048828125	7.109375	
576.472	34.1583251953125	4.8046875	7.109375	
576.999	34.3432159423828	4.804296875	7.1484375	
577.528	33.963737487793	4.8037109375	7.0703125	
578.058	34.5252685546875	4.803515625	7.1875	
578.584	34.5238647460938	4.8033203125	7.1875	
579.112	33.7705993652344	4.8029296875	7.03125	
579.639	34.1416625976563	4.80234375	7.109375	
580.168	34.7030258178711	4.8021484375	7.2265625	
580.696	34.3222732543945	4.8013671875	7.1484375	
581.223	33.5734252929688	4.8015625	6.9921875	
581.751	33.9485473632813	4.8015625	7.0703125	
582.279	33.7582397460938	4.801171875	7.03125	
582.808	34.8835144042969	4.801171875	7.265625	
583.335	34.1333312988281	4.801171875	7.109375	
583.863	34.5140380859375	4.801953125	7.1875	
584.391	34.7002029418945	4.8017578125	7.2265625	
584.919	33.9526901245117	4.8021484375	7.0703125	
585.447	34.3264617919922	4.801953125	7.1484375	
585.975	34.325065612793	4.8017578125	7.1484375	
586.503	34.1333312988281	4.801171875	7.109375	
587.032	34.3208770751953	4.801171875	7.1484375	
587.56	34.3236694335938	4.8015625	7.1484375	
588.087	34.3320465087891	4.802734375	7.1484375	
588.616	33.9582138061523	4.8029296875	7.0703125	
589.146	34.3404235839844	4.80390625	7.1484375	
589.668	34.544921875	4.80625	7.1875	
590.196	33.9803085327148	4.8060546875	7.0703125	
590.723	34.3669509887695	4.8076171875	7.1484375	
591.251	33.9941177368164	4.8080078125	7.0703125	
591.779	33.4347534179688	4.80859375	6.953125	
592.307	33.81591796875	4.809375	7.03125	
592.835	34.3795166015625	4.809375	7.1484375	
593.363	34.007926940918	4.8099609375	7.0703125	
593.891	34.5744018554688	4.8103515625	7.1875	
594.419	33.6553649902344	4.81328125	6.9921875	
594.947	33.4714202880859	4.8138671875	6.953125	
595.476	33.2806777954102	4.8134765625	6.9140625	
596.003	33.2820281982422	4.813671875	6.9140625	
596.531	33.09130859375	4.81328125	6.875	
597.059	33.093994140625	4.813671875	6.875	
597.587	32.7165985107422	4.8134765625	6.796875	
598.115	32.7152709960938	4.81328125	6.796875	
598.643	33.2793273925781	4.81328125	6.9140625	
599.171	32.3366088867188	4.812890625	6.71875	
599.699	32.5285720825195	4.8134765625	6.7578125	
600.229	32.344482421875	4.8140625	6.71875	
600.755	32.7192535400391	4.8138671875	6.796875	
601.283	33.0953369140625	4.8138671875	6.875	
601.811	32.7139434814453	4.8130859375	6.796875	
602.339	33.0899658203125	4.8130859375	6.875	
602.867	32.7219085693359	4.8142578125	6.796875	
603.395	32.9139709472656	4.81484375	6.8359375	
603.923	32.7298736572266	4.8154296875	6.796875	
604.451	33.4917907714844	4.816796875	6.953125	
604.979	32.7497863769531	4.818359375	6.796875	
605.504	33.12890625	4.81875	6.875	
606.031	33.1329345703125	4.8193359375	6.875	
606.559	32.1968765258789	4.8201171875	6.6796875	
607.087	32.2007904052734	4.820703125	6.6796875	
607.615	32.578727722168	4.8208984375	6.7578125	
608.143	32.9540252685547	4.820703125	6.8359375	
608.671	32.0111846923828	4.8205078125	6.640625	
609.199	32.9513549804688	4.8203125	6.8359375	
609.727	32.3890991210938	4.820703125	6.71875	
610.255	32.3943481445313	4.821484375	6.71875	
610.783	32.39697265625	4.821875	6.71875	
611.313	32.0215606689453	4.8220703125	6.640625	
611.839	32.2138366699219	4.82265625	6.6796875	
612.367	32.7776641845703	4.8224609375	6.796875	
612.895	33.15576171875	4.82265625	6.875	
613.423	32.7803192138672	4.8228515625	6.796875	
613.95	32.7816467285156	4.823046875	6.796875	
614.479	32.2151412963867	4.8228515625	6.6796875	
615.007	33.3454971313477	4.8228515625	6.9140625	
615.535	32.7803192138672	4.8228515625	6.796875	
616.062	32.7776641845703	4.8224609375	6.796875	
616.593	31.8319091796875	4.821875	6.6015625	
617.12	33.14501953125	4.82109375	6.875	
617.648	32.5853271484375	4.821875	6.7578125	
618.176	33.5298156738281	4.822265625	6.953125	
618.703	32.4022216796875	4.82265625	6.71875	
619.232	32.2112274169922	4.822265625	6.6796875	
619.76	32.3995971679688	4.822265625	6.71875	
620.288	32.2112274169922	4.822265625	6.6796875	
620.816	32.0189666748047	4.8216796875	6.640625	
621.344	32.7696990966797	4.8212890625	6.796875	
621.872	32.7776641845703	4.8224609375	6.796875	
622.402	32.7816467285156	4.823046875	6.796875	
622.928	32.0319366455078	4.8236328125	6.640625	
623.455	33.3563003540039	4.8244140625	6.9140625	
623.983	32.0384216308594	4.824609375	6.640625	
624.512	32.0384216308594	4.824609375	6.640625	
625.037	33.171875	4.825	6.875	
625.564	32.6077651977539	4.8251953125	6.7578125	
626.092	32.0423126220703	4.8251953125	6.640625	
626.62	32.2321014404297	4.825390625	6.6796875	
627.149	32.4232177734375	4.82578125	6.71875	
627.675	32.0436096191406	4.825390625	6.640625	
628.2	32.041015625	4.825	6.640625	
628.727	31.6602172851563	4.8244140625	6.5625	
629.256	32.6011657714844	4.82421875	6.7578125	
629.784	32.9780578613281	4.82421875	6.8359375	
630.311	32.407470703125	4.8234375	6.71875	
630.839	32.0293426513672	4.8232421875	6.640625	
631.368	32.2177505493164	4.8232421875	6.6796875	
631.896	32.212532043457	4.8224609375	6.6796875	
632.423	33.1517333984375	4.8220703125	6.875	
632.951	32.0163726806641	4.8212890625	6.640625	
633.482	32.0124816894531	4.820703125	6.640625	
634.007	32.1994857788086	4.8205078125	6.6796875	
634.535	32.3838500976563	4.819921875	6.71875	
635.063	32.0085906982422	4.8201171875	6.640625	
635.591	32.7643890380859	4.8205078125	6.796875	
636.119	32.2007904052734	4.820703125	6.6796875	
636.647	31.2605133056641	4.8208984375	6.484375	
637.175	32.3890991210938	4.820703125	6.71875	
637.703	32.5760879516602	4.8205078125	6.7578125	
638.231	32.3877868652344	4.8205078125	6.71875	
638.759	33.147705078125	4.821484375	6.875	
639.287	32.0332336425781	4.823828125	6.640625	
639.815	32.2203598022461	4.8236328125	6.6796875	
640.344	31.8448028564453	4.823828125	6.6015625	
640.871	32.0384216308594	4.824609375	6.640625	
641.399	32.0423126220703	4.8251953125	6.640625	
641.928	32.4192810058594	4.8251953125	6.71875	
642.455	31.1275863647461	4.8294921875	6.4453125	
642.983	31.8809051513672	4.829296875	6.6015625	
643.511	32.0695495605469	4.829296875	6.640625	
644.039	31.5061645507813	4.8296875	6.5234375	
644.569	31.3149719238281	4.829296875	6.484375	
645.096	31.3111724853516	4.8287109375	6.484375	
645.623	31.8731689453125	4.828125	6.6015625	
646.151	31.4896011352539	4.8271484375	6.5234375	
646.679	32.6249237060547	4.827734375	6.7578125	
647.207	31.6922607421875	4.829296875	6.5625	
647.735	31.3263702392578	4.8310546875	6.484375	
648.263	30.9577026367188	4.832421875	6.40625	
648.791	30.5789337158203	4.8322265625	6.328125	
649.319	30.7763977050781	4.83359375	6.3671875	
649.847	30.5937652587891	4.8345703125	6.328125	
650.375	30.230712890625	4.8369140625	6.25	
650.903	30.0563278198242	4.8392578125	6.2109375	
651.431	30.240478515625	4.8384765625	6.25	
651.959	30.0526885986328	4.838671875	6.2109375	
652.487	30.0502624511719	4.83828125	6.2109375	
653.015	29.673469543457	4.8384765625	6.1328125	
653.543	30.0514755249023	4.8384765625	6.2109375	
654.071	30.6160125732422	4.8380859375	6.328125	
654.6	30.0514755249023	4.8384765625	6.2109375	
655.126	30.6197204589844	4.838671875	6.328125	
655.657	30.4270248413086	4.8380859375	6.2890625	
656.182	29.8588562011719	4.837890625	6.171875	
656.711	30.0502624511719	4.83828125	6.2109375	
657.239	29.293098449707	4.8380859375	6.0546875	
657.767	30.0490493774414	4.8380859375	6.2109375	
658.294	29.8600616455078	4.8380859375	6.171875	
658.82	29.8564453125	4.8375	6.171875	
659.347	30.0466232299805	4.8376953125	6.2109375	
659.875	29.6686782836914	4.8376953125	6.1328125	
660.402	30.4257965087891	4.837890625	6.2890625	
660.931	29.8588562011719	4.837890625	6.171875	
661.459	30.42333984375	4.8375	6.2890625	
661.987	28.7307739257813	4.8388671875	5.9375	
662.514	29.5094604492188	4.842578125	6.09375	
663.043	29.6926345825195	4.8416015625	6.1328125	
663.57	30.4479064941406	4.84140625	6.2890625	
664.098	29.6902389526367	4.8412109375	6.1328125	
664.626	29.3084716796875	4.840625	6.0546875	
665.154	28.9302978515625	4.840625	5.9765625	
665.682	29.3120193481445	4.8412109375	6.0546875	
666.211	29.5023193359375	4.84140625	6.09375	
666.741	28.3950805664063	4.84609375	5.859375	
667.266	28.2114639282227	4.8470703125	5.8203125	
667.794	29.1616821289063	4.84765625	6.015625	
668.323	28.5924453735352	4.8474609375	5.8984375	
668.851	28.4088134765625	4.8484375	5.859375	
669.378	28.4168243408203	4.8498046875	5.859375	
669.906	28.0368041992188	4.849609375	5.78125	
670.434	28.0334167480469	4.8490234375	5.78125	
670.962	28.0356750488281	4.8494140625	5.78125	
671.49	28.4065246582031	4.848046875	5.859375	
672.019	28.2148742675781	4.84765625	5.8203125	
672.546	29.3522262573242	4.8478515625	6.0546875	
673.074	28.7841186523438	4.8478515625	5.9375	
673.602	28.4065246582031	4.848046875	5.859375	
674.13	28.7887573242188	4.8486328125	5.9375	
674.658	28.6028137207031	4.84921875	5.8984375	
675.186	28.9886627197266	4.850390625	5.9765625	
675.714	28.2398834228516	4.851953125	5.8203125	
676.243	28.8096313476563	4.8521484375	5.9375	
676.771	29.0003356933594	4.85234375	5.9765625	
677.299	28.6212463378906	4.85234375	5.8984375	
677.829	27.8653106689453	4.852734375	5.7421875	
678.355	28.8119506835938	4.8525390625	5.9375	
678.883	28.6247024536133	4.8529296875	5.8984375	
679.411	28.4317016601563	4.85234375	5.859375	
679.939	28.0514831542969	4.8521484375	5.78125	
680.467	27.1016159057617	4.8517578125	5.5859375	
680.995	28.6212463378906	4.85234375	5.8984375	
681.523	29.0003356933594	4.85234375	5.9765625	
682.051	28.0639038085938	4.854296875	5.78125	
682.579	28.2523880004883	4.8541015625	5.8203125	
683.107	28.633918762207	4.8544921875	5.8984375	
683.635	28.6293106079102	4.8537109375	5.8984375	
684.163	28.0582580566406	4.8533203125	5.78125	
684.691	29.1981048583984	4.8537109375	6.015625	
685.219	28.8177490234375	4.853515625	5.9375	
685.748	27.6790924072266	4.8533203125	5.703125	
686.275	28.2467041015625	4.853125	5.8203125	
686.803	28.0559997558594	4.8529296875	5.78125	
687.331	28.4317016601563	4.85234375	5.859375	
687.859	28.6212463378906	4.85234375	5.8984375	
688.387	28.0503540039063	4.851953125	5.78125	
688.917	28.0492248535156	4.8517578125	5.78125	
689.443	29.3746948242188	4.8515625	6.0546875	
689.971	28.2353363037109	4.851171875	5.8203125	
690.499	29.1828308105469	4.851171875	6.015625	
691.027	28.6189422607422	4.851953125	5.8984375	
691.556	27.8641891479492	4.8525390625	5.7421875	
692.083	28.2455673217773	4.8529296875	5.8203125	
692.611	27.8697967529297	4.853515625	5.7421875	
693.139	28.0605163574219	4.8537109375	5.78125	
693.667	27.8754043579102	4.8544921875	5.7421875	
694.195	28.2773971557617	4.8583984375	5.8203125	
694.723	27.7102813720703	4.8587890625	5.703125	
695.251	27.8967132568359	4.858203125	5.7421875	
695.779	28.0830993652344	4.8576171875	5.78125	
696.307	28.0808410644531	4.8572265625	5.78125	
696.835	27.8899841308594	4.85703125	5.7421875	
697.363	27.3240966796875	4.8576171875	5.625	
697.891	27.7125091552734	4.8591796875	5.703125	
698.419	27.331787109375	4.858984375	5.625	
698.947	28.2842178344727	4.8595703125	5.8203125	
699.472	28.8525390625	4.859375	5.9375	
700.001	27.7125091552734	4.8591796875	5.703125	
700.528	27.331787109375	4.858984375	5.625	
701.055	27.7113952636719	4.858984375	5.703125	
701.583	26.9521789550781	4.858984375	5.546875	
702.111	28.0910034179688	4.858984375	5.78125	
702.639	27.1463470458984	4.859765625	5.5859375	
703.167	27.5249099731445	4.8595703125	5.6640625	
703.695	26.57470703125	4.859375	5.46875	
704.22	27.333984375	4.859375	5.625	
704.747	26.5779113769531	4.8599609375	5.46875	
705.274	27.5315475463867	4.8607421875	5.6640625	
705.803	27.1561660766602	4.8615234375	5.5859375	
706.328	27.3515625	4.8625	5.625	
706.854	27.7336730957031	4.862890625	5.703125	
707.383	27.353759765625	4.862890625	5.625	
707.911	26.9738464355469	4.862890625	5.546875	
708.438	27.5448226928711	4.8630859375	5.6640625	
708.966	27.1703491210938	4.8640625	5.5859375	
709.494	27.358154296875	4.863671875	5.625	
710.022	26.9770965576172	4.8634765625	5.546875	
710.551	26.9792633056641	4.8638671875	5.546875	
711.081	27.1725311279297	4.864453125	5.5859375	
711.604	27.3603515625	4.8640625	5.625	
712.13	27.7403564453125	4.8640625	5.703125	
712.658	25.8424072265625	4.864453125	5.3125	
713.186	26.989013671875	4.865625	5.546875	
713.714	27.5603103637695	4.8658203125	5.6640625	
714.242	27.3702392578125	4.8658203125	5.625	
714.77	27.9426956176758	4.8662109375	5.7421875	
715.298	27.5603103637695	4.8658203125	5.6640625	
715.826	27.7526092529297	4.8662109375	5.703125	
716.354	27.371337890625	4.866015625	5.625	
716.882	26.9922637939453	4.8662109375	5.546875	
717.41	27.5603103637695	4.8658203125	5.6640625	
717.938	27.1845321655273	4.8666015625	5.5859375	
718.466	27.5647354125977	4.8666015625	5.6640625	
718.994	27.9494247436523	4.8673828125	5.7421875	
719.522	27.00634765625	4.86875	5.546875	
720.05	27.7748870849609	4.8701171875	5.703125	
720.578	27.7748870849609	4.8701171875	5.703125	
721.106	27.3944091796875	4.8701171875	5.625	
721.634	28.156494140625	4.8703125	5.78125	
722.165	27.5857543945313	4.8703125	5.6640625	
722.69	27.7748870849609	4.8701171875	5.703125	
723.218	27.5835418701172	4.869921875	5.6640625	
723.747	27.2030792236328	4.869921875	5.5859375	
724.274	27.3922119140625	4.8697265625	5.625	
724.802	27.9606399536133	4.8693359375	5.7421875	
725.33	27.2030792236328	4.869921875	5.5859375	
725.858	27.2041702270508	4.8701171875	5.5859375	
726.386	28.1576232910156	4.8705078125	5.78125	
726.914	27.2085342407227	4.8708984375	5.5859375	
727.442	27.7815704345703	4.8712890625	5.703125	
727.97	26.6377258300781	4.8708984375	5.46875	
728.498	27.7804565429688	4.87109375	5.703125	
729.026	27.39990234375	4.87109375	5.625	
729.554	27.9740982055664	4.8716796875	5.7421875	
730.082	27.2128982543945	4.8716796875	5.5859375	
730.61	26.8301467895508	4.8712890625	5.5078125	
731.138	27.4031982421875	4.8716796875	5.625	
731.666	27.4053955078125	4.8720703125	5.625	
732.194	27.5912857055664	4.8712890625	5.6640625	
732.722	26.8312225341797	4.871484375	5.5078125	
733.252	27.0225982666016	4.8716796875	5.546875	
733.778	27.4010009765625	4.8712890625	5.625	
734.306	27.39990234375	4.87109375	5.625	
734.834	27.0182647705078	4.8708984375	5.546875	
735.362	27.4010009765625	4.8712890625	5.625	
735.89	27.0204315185547	4.8712890625	5.546875	
736.419	26.449577331543	4.8712890625	5.4296875	
736.947	26.6441345214844	4.8720703125	5.46875	
737.475	26.8355255126953	4.872265625	5.5078125	
738.003	26.8344497680664	4.8720703125	5.5078125	
738.53	26.2635040283203	4.8720703125	5.390625	
739.059	26.6473388671875	4.87265625	5.46875	
739.587	27.0301818847656	4.873046875	5.546875	
740.115	27.4097900390625	4.8728515625	5.625	
740.642	27.415283203125	4.873828125	5.625	
741.171	27.41748046875	4.87421875	5.625	
741.699	27.0377655029297	4.8744140625	5.546875	
742.224	26.0888671875	4.875	5.3515625	
742.751	27.0420989990234	4.8751953125	5.546875	
743.278	26.6622924804688	4.875390625	5.46875	
743.806	25.9129638671875	4.877734375	5.3125	
744.337	27.2521743774414	4.8787109375	5.5859375	
744.863	26.8721008300781	4.87890625	5.5078125	
745.39	26.8796310424805	4.8802734375	5.5078125	
745.919	27.45263671875	4.88046875	5.625	
746.446	26.8882369995117	4.8818359375	5.5078125	
746.974	26.7039489746094	4.8830078125	5.46875	
747.502	26.7082214355469	4.8837890625	5.46875	
748.03	27.093017578125	4.884375	5.546875	
748.559	27.2859954833984	4.884765625	5.5859375	
749.086	27.2881774902344	4.88515625	5.5859375	
749.614	27.47900390625	4.88515625	5.625	
750.142	27.2914505004883	4.8857421875	5.5859375	
750.672	26.9108276367188	4.8859375	5.5078125	
751.198	26.9108276367188	4.8859375	5.5078125	
751.726	27.2914505004883	4.8857421875	5.5859375	
752.254	27.0984344482422	4.8853515625	5.546875	
752.783	27.6742553710938	4.8859375	5.6640625	
753.311	26.3382568359375	4.8859375	5.390625	
753.838	26.5280532836914	4.8857421875	5.4296875	
754.366	26.3361511230469	4.885546875	5.390625	
754.894	26.7178344726563	4.885546875	5.46875	
755.425	26.9086761474609	4.885546875	5.5078125	
755.95	26.9086761474609	4.885546875	5.5078125	
756.478	26.7189025878906	4.8857421875	5.46875	
757.006	27.0995178222656	4.885546875	5.546875	
757.534	27.2859954833984	4.884765625	5.5859375	
758.062	26.523811340332	4.8849609375	5.4296875	
758.59	26.7189025878906	4.8857421875	5.46875	
759.118	26.1484451293945	4.8861328125	5.3515625	
759.646	27.2947235107422	4.886328125	5.5859375	
760.174	26.1494903564453	4.886328125	5.3515625	
760.702	27.2958145141602	4.8865234375	5.5859375	
761.23	26.9119033813477	4.8861328125	5.5078125	
761.758	26.3414154052734	4.8865234375	5.390625	
762.286	26.9183578491211	4.8873046875	5.5078125	
762.814	26.9215850830078	4.887890625	5.5078125	
763.342	27.4976806640625	4.8884765625	5.625	
763.87	26.5482025146484	4.889453125	5.4296875	
764.398	26.7381286621094	4.8892578125	5.46875	
764.926	26.7359924316406	4.8888671875	5.46875	
765.454	27.3110885620117	4.8892578125	5.5859375	
765.983	27.3143615722656	4.88984375	5.5859375	
766.512	27.3219985961914	4.8912109375	5.5859375	
767.038	27.1298522949219	4.891015625	5.546875	
767.566	27.3263626098633	4.8919921875	5.5859375	
768.094	26.5630493164063	4.8921875	5.4296875	
768.622	27.1406860351563	4.89296875	5.546875	
769.15	27.5240478515625	4.8931640625	5.625	
769.678	26.7658996582031	4.8943359375	5.46875	
770.206	27.1439361572266	4.8935546875	5.546875	
770.734	26.953857421875	4.89375	5.5078125	
771.262	26.5757751464844	4.89453125	5.4296875	
771.79	27.533935546875	4.894921875	5.625	
772.318	26.3824768066406	4.894140625	5.390625	
772.846	26.1944351196289	4.8947265625	5.3515625	
773.374	27.3470916748047	4.895703125	5.5859375	
773.902	26.5810775756836	4.8955078125	5.4296875	
774.43	27.1558532714844	4.895703125	5.546875	
774.958	26.9721450805664	4.8970703125	5.5078125	
775.486	27.547119140625	4.897265625	5.625	
776.014	26.0167236328125	4.897265625	5.3125	
776.542	26.0177612304688	4.8974609375	5.3125	
777.07	26.5959243774414	4.8982421875	5.4296875	
777.6	26.9775238037109	4.898046875	5.5078125	
778.126	26.9775238037109	4.898046875	5.5078125	
778.654	27.7428436279297	4.898046875	5.6640625	
779.182	27.54931640625	4.89765625	5.625	
779.709	27.1666870117188	4.89765625	5.546875	
780.238	26.7861938476563	4.898046875	5.46875	
780.766	27.1731872558594	4.898828125	5.546875	
781.293	26.2174301147461	4.8990234375	5.3515625	
781.822	27.3656387329102	4.8990234375	5.5859375	
782.35	26.9818267822266	4.898828125	5.5078125	
782.878	25.832633972168	4.8986328125	5.2734375	
783.406	27.1710205078125	4.8984375	5.546875	
783.934	27.1699371337891	4.8982421875	5.546875	
784.461	27.1666870117188	4.89765625	5.546875	
784.989	26.3982696533203	4.8970703125	5.390625	
785.517	27.3547286987305	4.8970703125	5.5859375	
786.045	26.7819213867188	4.897265625	5.46875	
786.573	27.1634368896484	4.8970703125	5.546875	
787.101	26.9721450805664	4.8970703125	5.5078125	
787.63	26.5906219482422	4.897265625	5.4296875	
788.157	26.0177612304688	4.8974609375	5.3125	
788.688	25.8295440673828	4.898046875	5.2734375	
789.213	26.2122039794922	4.898046875	5.3515625	
789.741	26.0198364257813	4.8978515625	5.3125	
790.27	26.5885009765625	4.896875	5.4296875	
790.797	27.1601867675781	4.896484375	5.546875	
791.325	27.7350997924805	4.8966796875	5.6640625	
791.853	27.1601867675781	4.896484375	5.546875	
792.381	26.5831985473633	4.8958984375	5.4296875	
792.909	26.3898468017578	4.8955078125	5.390625	
793.437	27.1547698974609	4.8955078125	5.546875	
793.965	27.3492736816406	4.89609375	5.5859375	
794.493	26.7744445800781	4.8958984375	5.46875	
795.021	26.9678421020508	4.8962890625	5.5078125	
795.549	26.7755126953125	4.89609375	5.46875	
796.079	27.3438186645508	4.8951171875	5.5859375	
796.606	27.3449096679688	4.8953125	5.5859375	
797.134	26.7744445800781	4.8958984375	5.46875	
797.662	26.5831985473633	4.8958984375	5.4296875	
798.19	26.5789566040039	4.8951171875	5.4296875	
798.718	26.2101135253906	4.89765625	5.3515625	
799.246	27.1677703857422	4.8978515625	5.546875	
799.777	26.7861938476563	4.898046875	5.46875	
800.302	26.6001663208008	4.8990234375	5.4296875	
800.831	26.5969848632813	4.8984375	5.4296875	
801.358	27.3612747192383	4.8982421875	5.5859375	
801.886	26.9742965698242	4.8974609375	5.5078125	
802.414	26.2195205688477	4.8994140625	5.3515625	
802.942	26.5991058349609	4.898828125	5.4296875	
803.47	26.9893569946289	4.9001953125	5.5078125	
803.995	26.60546875	4.9	5.4296875	
804.519	25.6484375	4.9	5.234375	
805.046	25.4702224731445	4.9025390625	5.1953125	
805.574	26.2383346557617	4.9029296875	5.3515625	
806.102	25.8604431152344	4.90390625	5.2734375	
806.63	25.8594131469727	4.9037109375	5.2734375	
807.158	26.4361724853516	4.9041015625	5.390625	
807.686	25.8573532104492	4.9033203125	5.2734375	
808.214	25.8583831787109	4.903515625	5.2734375	
808.742	26.0530395507813	4.9041015625	5.3125	
809.27	25.6923980712891	4.9083984375	5.234375	
809.798	25.8820724487305	4.9080078125	5.2734375	
810.326	25.4986343383789	4.9080078125	5.1953125	
810.856	25.5026931762695	4.9087890625	5.1953125	
811.382	24.739631652832	4.9095703125	5.0390625	
811.91	25.3169860839844	4.9099609375	5.15625	
812.438	25.7026214599609	4.9103515625	5.234375	
812.966	26.0914306640625	4.911328125	5.3125	
813.494	26.0955810546875	4.912109375	5.3125	
814.022	25.5280609130859	4.913671875	5.1953125	
814.55	25.7189788818359	4.9134765625	5.234375	
815.078	25.3371276855469	4.9138671875	5.15625	
815.606	25.7220458984375	4.9140625	5.234375	
816.134	24.7760467529297	4.916796875	5.0390625	
816.662	25.7384033203125	4.9171875	5.234375	
817.19	24.3977355957031	4.91796875	4.9609375	
817.718	24.2152404785156	4.919921875	4.921875	
818.243	24.6025390625	4.9205078125	5	
818.767	24.60546875	4.92109375	5	
819.294	24.4200210571289	4.9224609375	4.9609375	
819.822	23.4762878417969	4.926171875	4.765625	
820.35	24.4403686523438	4.9265625	4.9609375	
820.878	23.8658752441406	4.9271484375	4.84375	
821.406	24.4500579833984	4.928515625	4.9609375	
821.933	24.6455078125	4.9291015625	5	
822.462	24.0707397460938	4.9296875	4.8828125	
822.99	22.9253311157227	4.9318359375	4.6484375	
823.518	23.50048828125	4.93125	4.765625	
824.045	23.6949920654297	4.931640625	4.8046875	
824.574	23.6978073120117	4.9322265625	4.8046875	
825.102	23.893310546875	4.9328125	4.84375	
825.63	22.9344100952148	4.9337890625	4.6484375	
826.157	23.7081298828125	4.934375	4.8046875	
826.686	23.3300170898438	4.9359375	4.7265625	
827.214	23.3327865600586	4.9365234375	4.7265625	
827.741	23.7146987915039	4.9357421875	4.8046875	
828.27	22.9471206665039	4.9365234375	4.6484375	
828.798	21.7961578369141	4.937890625	4.4140625	
829.325	22.5989456176758	4.9447265625	4.5703125	
829.854	22.2284317016602	4.9482421875	4.4921875	
830.381	21.2636566162109	4.9486328125	4.296875	
830.909	22.2284317016602	4.9482421875	4.4921875	
831.437	21.8392639160156	4.94765625	4.4140625	
831.965	21.4535751342773	4.9478515625	4.3359375	
832.494	21.8461608886719	4.94921875	4.4140625	
833.024	21.0745086669922	4.949609375	4.2578125	
833.549	21.0753402709961	4.9498046875	4.2578125	
834.077	20.8877563476563	4.951171875	4.21875	
834.605	21.8556442260742	4.9513671875	4.4140625	
835.133	21.66650390625	4.95234375	4.375	
835.661	21.4696655273438	4.9515625	4.3359375	
836.189	20.6968002319336	4.9517578125	4.1796875	
836.717	21.661376953125	4.951171875	4.375	
837.246	20.8910522460938	4.951953125	4.21875	
837.773	21.2745666503906	4.951171875	4.296875	
838.301	21.2754058837891	4.9513671875	4.296875	
838.829	21.2804412841797	4.9525390625	4.296875	
839.357	20.5082244873047	4.9529296875	4.140625	
839.885	20.7065963745117	4.9541015625	4.1796875	
840.413	21.4789810180664	4.9537109375	4.3359375	
840.941	20.9009399414063	4.954296875	4.21875	
841.469	20.8976440429688	4.953515625	4.21875	
841.998	20.8951721191406	4.9529296875	4.21875	
842.525	20.8935241699219	4.9525390625	4.21875	
843.053	20.8927001953125	4.95234375	4.21875	
843.581	20.3155517578125	4.953125	4.1015625	
844.111	20.7025146484375	4.953125	4.1796875	
844.637	21.282958984375	4.953125	4.296875	
845.165	20.7016983032227	4.9529296875	4.1796875	
845.693	20.5106506347656	4.953515625	4.140625	
846.221	20.7082290649414	4.9544921875	4.1796875	
846.749	20.7090454101563	4.9546875	4.1796875	
847.277	20.131591796875	4.95546875	4.0625	
847.805	20.3251647949219	4.95546875	4.1015625	
848.333	20.9083557128906	4.9560546875	4.21875	
848.861	20.7139434814453	4.955859375	4.1796875	
849.389	20.7139434814453	4.955859375	4.1796875	
849.917	20.7131271362305	4.9556640625	4.1796875	
850.445	19.935661315918	4.9548828125	4.0234375	
850.973	21.0986251831055	4.9552734375	4.2578125	
851.501	20.3251647949219	4.95546875	4.1015625	
852.029	19.941162109375	4.95625	4.0234375	
852.558	20.9083557128906	4.9560546875	4.21875	
853.085	21.1052780151367	4.9568359375	4.2578125	
853.613	20.3323745727539	4.9572265625	4.1015625	
854.141	20.5252075195313	4.95703125	4.140625	
854.669	21.1052780151367	4.9568359375	4.2578125	
855.199	20.1387329101563	4.9572265625	4.0625	
855.725	19.5632019042969	4.95859375	3.9453125	
856.254	20.3379821777344	4.95859375	4.1015625	
856.782	20.5316772460938	4.95859375	4.140625	
857.31	20.1434936523438	4.9583984375	4.0625	
857.838	19.7545623779297	4.9580078125	3.984375	
858.366	19.946662902832	4.9576171875	4.0234375	
858.894	19.5601196289063	4.9578125	3.9453125	
859.422	19.7537841796875	4.9578125	3.984375	
859.95	19.9474487304688	4.9578125	4.0234375	
860.478	19.9458770751953	4.957421875	4.0234375	
861.006	20.1387329101563	4.9572265625	4.0625	
861.534	20.3307723999023	4.9568359375	4.1015625	
862.062	19.1682586669922	4.956640625	3.8671875	
862.59	19.7467803955078	4.9560546875	3.984375	
863.118	20.1339721679688	4.9560546875	4.0625	
863.645	19.3572998046875	4.95546875	3.90625	
864.174	19.5524139404297	4.955859375	3.9453125	
864.699	19.3603515625	4.95625	3.90625	
865.225	19.74755859375	4.95625	3.984375	
865.754	20.3275680541992	4.9560546875	4.1015625	
866.284	20.3251647949219	4.95546875	4.1015625	
866.809	21.2913513183594	4.955078125	4.296875	
867.337	19.7436676025391	4.9552734375	3.984375	
867.866	19.553955078125	4.95625	3.9453125	
868.393	18.97314453125	4.95625	3.828125	
868.921	19.5554962158203	4.956640625	3.9453125	
869.449	19.3618774414063	4.956640625	3.90625	
869.977	19.7483367919922	4.9564453125	3.984375	
870.506	20.1339721679688	4.9560546875	4.0625	
871.033	19.7467803955078	4.9560546875	3.984375	
871.561	19.7460021972656	4.955859375	3.984375	
872.09	20.5211639404297	4.9560546875	4.140625	
872.617	19.1659927368164	4.9560546875	3.8671875	
873.145	19.3626403808594	4.9568359375	3.90625	
873.673	20.3315734863281	4.95703125	4.1015625	
874.201	19.5593490600586	4.9576171875	3.9453125	
874.73	19.3641662597656	4.9572265625	3.90625	
875.259	19.7545623779297	4.9580078125	3.984375	
875.785	19.7561187744141	4.9583984375	3.984375	
876.313	20.5341033935547	4.9591796875	4.140625	
876.841	19.1788330078125	4.959375	3.8671875	
877.372	19.3717956542969	4.9591796875	3.90625	
877.897	19.3740844726563	4.959765625	3.90625	
878.425	19.5662841796875	4.959375	3.9453125	
878.953	19.5662841796875	4.959375	3.9453125	
879.481	19.3717956542969	4.9591796875	3.90625	
880.009	19.3740844726563	4.959765625	3.90625	
880.537	18.9873504638672	4.9599609375	3.828125	
881.065	19.3748474121094	4.9599609375	3.90625	
881.593	19.9576644897461	4.9603515625	4.0234375	
882.121	20.1522216796875	4.960546875	4.0625	
882.649	20.1530151367188	4.9607421875	4.0625	
883.177	20.1498413085938	4.9599609375	4.0625	
883.705	18.7950820922852	4.9603515625	3.7890625	
884.234	19.3756103515625	4.96015625	3.90625	
884.762	19.9521636962891	4.958984375	4.0234375	
885.289	19.9521636962891	4.958984375	4.0234375	
885.817	19.3695068359375	4.95859375	3.90625	
886.345	19.9513778686523	4.9587890625	4.0234375	
886.873	19.5632019042969	4.95859375	3.9453125	
887.401	18.9813690185547	4.9583984375	3.828125	
887.929	20.1403198242188	4.9576171875	4.0625	
888.459	19.3672180175781	4.9580078125	3.90625	
888.985	19.9490203857422	4.958203125	4.0234375	
889.513	19.7537841796875	4.9578125	3.984375	
890.041	19.7514495849609	4.9572265625	3.984375	
890.569	19.3656921386719	4.9576171875	3.90625	
891.097	19.1750564575195	4.9583984375	3.8671875	
891.625	19.5647430419922	4.958984375	3.9453125	
892.153	19.1780776977539	4.9591796875	3.8671875	
892.681	19.1833648681641	4.960546875	3.8671875	
893.209	19.7631225585938	4.96015625	3.984375	
893.737	18.9910888671875	4.9609375	3.828125	
894.265	18.9933319091797	4.9615234375	3.828125	
894.79	18.6064453125	4.96171875	3.75	
895.317	18.9978179931641	4.9626953125	3.828125	
895.845	19.1916732788086	4.9626953125	3.8671875	
896.373	19.1962051391602	4.9638671875	3.8671875	
896.9	18.8128433227539	4.9650390625	3.7890625	
897.429	17.6456909179688	4.9640625	3.5546875	
897.957	18.8069229125977	4.9634765625	3.7890625	
898.485	18.2288513183594	4.964453125	3.671875	
899.013	19.0075378417969	4.965234375	3.828125	
899.543	19.0112762451172	4.9662109375	3.828125	
900.069	18.4314727783203	4.966796875	3.7109375	
900.597	18.2360229492188	4.96640625	3.671875	
901.124	18.0441513061523	4.9669921875	3.6328125	
901.653	17.6574935913086	4.9673828125	3.5546875	
902.181	17.8501281738281	4.9669921875	3.59375	
902.708	18.4343719482422	4.967578125	3.7109375	
903.236	17.8522338867188	4.967578125	3.59375	
903.764	18.4350967407227	4.9677734375	3.7109375	
904.292	18.0476989746094	4.96796875	3.6328125	
904.82	17.6588821411133	4.9677734375	3.5546875	
905.348	18.2403259277344	4.967578125	3.671875	
905.876	18.2388916015625	4.9671875	3.671875	
906.404	18.4314727783203	4.966796875	3.7109375	
906.932	17.2673797607422	4.966796875	3.4765625	
907.46	17.6561050415039	4.9669921875	3.5546875	
907.989	17.850830078125	4.9671875	3.59375	
908.516	18.0448608398438	4.9671875	3.6328125	
909.044	18.2396087646484	4.9673828125	3.671875	
909.573	17.07470703125	4.9671875	3.4375	
910.1	17.2673797607422	4.966796875	3.4765625	
910.631	17.4613952636719	4.966796875	3.515625	
911.157	18.0420227050781	4.96640625	3.6328125	
911.684	18.0413131713867	4.9662109375	3.6328125	
912.212	18.0398941040039	4.9658203125	3.6328125	
912.741	17.6505508422852	4.9654296875	3.5546875	
913.268	17.84521484375	4.965625	3.59375	
913.796	17.8438110351563	4.965234375	3.59375	
914.324	18.4242248535156	4.96484375	3.7109375	
914.852	17.8438110351563	4.965234375	3.59375	
915.38	17.0673217773438	4.9650390625	3.4375	
915.908	17.8445129394531	4.9654296875	3.59375	
916.437	17.066650390625	4.96484375	3.4375	
916.965	18.4256744384766	4.965234375	3.7109375	
917.493	18.0384750366211	4.9654296875	3.6328125	
918.021	17.8459167480469	4.9658203125	3.59375	
918.549	17.6498565673828	4.965234375	3.5546875	
919.077	18.2310028076172	4.9650390625	3.671875	
919.606	18.0370559692383	4.9650390625	3.6328125	
920.134	17.4559020996094	4.965234375	3.515625	
920.661	18.4271240234375	4.965625	3.7109375	
921.189	18.2324371337891	4.9654296875	3.671875	
921.719	17.8445129394531	4.9654296875	3.59375	
922.245	17.4579620361328	4.9658203125	3.515625	
922.773	17.8480224609375	4.96640625	3.59375	
923.302	17.6567993164063	4.9671875	3.5546875	
923.83	17.4662017822266	4.9681640625	3.515625	
924.357	16.6866455078125	4.9671875	3.359375	
924.886	16.4952087402344	4.96796875	3.3203125	
925.413	17.2707748413086	4.9677734375	3.4765625	
925.941	16.4926147460938	4.9671875	3.3203125	
926.47	16.6859893798828	4.9669921875	3.359375	
926.997	18.0448608398438	4.9671875	3.6328125	
927.525	17.850830078125	4.9671875	3.59375	
928.053	17.8494262695313	4.966796875	3.59375	
928.581	17.6533279418945	4.9662109375	3.5546875	
929.109	16.8773574829102	4.9662109375	3.3984375	
929.637	17.2639846801758	4.9658203125	3.4765625	
930.165	16.8766937255859	4.966015625	3.3984375	
930.693	17.6533279418945	4.9662109375	3.5546875	
931.221	16.4874267578125	4.965625	3.3203125	
931.749	17.2626266479492	4.9654296875	3.4765625	
932.279	17.2619476318359	4.965234375	3.4765625	
932.805	17.6498565673828	4.965234375	3.5546875	
933.333	17.2619476318359	4.965234375	3.4765625	
933.862	18.0356369018555	4.9646484375	3.6328125	
934.389	16.8720474243164	4.9646484375	3.3984375	
934.917	16.6761474609375	4.9640625	3.359375	
935.445	17.2592315673828	4.964453125	3.4765625	
935.973	17.257194519043	4.9638671875	3.4765625	
936.501	16.4802932739258	4.9634765625	3.3203125	
937.029	17.0619506835938	4.9634765625	3.4375	
937.557	16.8667373657227	4.9630859375	3.3984375	
938.085	17.4476623535156	4.962890625	3.515625	
938.613	17.0599365234375	4.962890625	3.4375	
939.141	16.8654098510742	4.9626953125	3.3984375	
939.669	17.4456024169922	4.9623046875	3.515625	
940.197	17.2537994384766	4.962890625	3.4765625	
940.725	16.6722106933594	4.962890625	3.359375	
941.252	17.8346862792969	4.9626953125	3.59375	
941.781	17.642219543457	4.9630859375	3.5546875	
942.309	17.4483489990234	4.9630859375	3.515625	
942.837	17.0599365234375	4.962890625	3.4375	
943.368	16.4789962768555	4.9630859375	3.3203125	
943.893	17.4476623535156	4.962890625	3.515625	
944.421	17.4490356445313	4.96328125	3.515625	
944.948	18.0306701660156	4.96328125	3.6328125	
945.477	17.6443023681641	4.963671875	3.5546875	
946.004	17.6449966430664	4.9638671875	3.5546875	
946.532	17.257194519043	4.9638671875	3.4765625	
947.061	17.0646362304688	4.9642578125	3.4375	
947.591	17.2585525512695	4.9642578125	3.4765625	
948.117	17.6470794677734	4.964453125	3.5546875	
948.645	16.8727111816406	4.96484375	3.3984375	
949.172	16.6800842285156	4.965234375	3.359375	
949.7	17.4552154541016	4.9650390625	3.515625	
950.228	17.8431091308594	4.9650390625	3.59375	
950.757	17.0673217773438	4.9650390625	3.4375	
951.284	16.6800842285156	4.965234375	3.359375	
951.812	17.4586486816406	4.966015625	3.515625	
952.34	17.6519393920898	4.9658203125	3.5546875	
952.868	18.0413131713867	4.9662109375	3.6328125	
953.396	16.6820526123047	4.9658203125	3.359375	
953.925	17.4586486816406	4.966015625	3.515625	
954.455	17.2633056640625	4.965625	3.4765625	
954.98	17.8466186523438	4.966015625	3.59375	
955.508	17.4565887451172	4.9654296875	3.515625	
956.036	17.6505508422852	4.9654296875	3.5546875	
956.565	17.0673217773438	4.9650390625	3.4375	
957.092	17.0673217773438	4.9650390625	3.4375	
957.62	17.8445129394531	4.9654296875	3.59375	
958.148	17.4559020996094	4.965234375	3.515625	
958.676	16.8753662109375	4.965625	3.3984375	
959.204	17.4579620361328	4.9658203125	3.515625	
959.732	17.4600219726563	4.96640625	3.515625	
960.26	17.2660217285156	4.96640625	3.4765625	
960.788	17.072021484375	4.96640625	3.4375	
961.316	17.8480224609375	4.96640625	3.59375	
961.844	17.2646636962891	4.966015625	3.4765625	
962.372	17.2646636962891	4.966015625	3.4765625	
962.901	16.8766937255859	4.966015625	3.3984375	
963.428	16.6827087402344	4.966015625	3.359375	
963.956	16.8747024536133	4.9654296875	3.3984375	
964.484	16.6800842285156	4.965234375	3.359375	
965.012	17.2619476318359	4.965234375	3.4765625	
965.543	17.0686645507813	4.9654296875	3.4375	
966.065	17.0693359375	4.965625	3.4375	
966.592	17.457275390625	4.965625	3.515625	
967.121	17.6519393920898	4.9658203125	3.5546875	
967.648	16.8740386962891	4.965234375	3.3984375	
968.176	17.6484680175781	4.96484375	3.5546875	
968.704	16.8720474243164	4.9646484375	3.3984375	
969.232	17.4545288085938	4.96484375	3.515625	
969.76	17.2599105834961	4.9646484375	3.4765625	
970.288	17.0646362304688	4.9642578125	3.4375	
970.816	17.0646362304688	4.9642578125	3.4375	
971.344	17.6443023681641	4.963671875	3.5546875	
971.872	17.2565155029297	4.963671875	3.4765625	
972.4	16.6735229492188	4.96328125	3.359375	
972.928	16.6722106933594	4.962890625	3.359375	
973.456	17.6429138183594	4.96328125	3.5546875	
973.984	16.4783477783203	4.962890625	3.3203125	
974.512	16.8654098510742	4.9626953125	3.3984375	
975.04	16.4776992797852	4.9626953125	3.3203125	
975.568	16.86474609375	4.9625	3.3984375	
976.097	17.2578735351563	4.9640625	3.4765625	
976.627	17.2605895996094	4.96484375	3.4765625	
977.153	17.4579620361328	4.9658203125	3.515625	
977.681	17.2714538574219	4.96796875	3.4765625	
978.209	17.0787353515625	4.968359375	3.4375	
978.737	17.8557434082031	4.9685546875	3.59375	
979.265	16.497802734375	4.96875	3.3203125	
979.793	17.2748489379883	4.9689453125	3.4765625	
980.321	17.662353515625	4.96875	3.5546875	
980.846	17.080078125	4.96875	3.4375	
981.373	17.46826171875	4.96875	3.515625	
981.901	17.0820922851563	4.9693359375	3.4375	
982.429	17.2796020507813	4.9703125	3.4765625	
982.957	17.6748504638672	4.972265625	3.5546875	
983.485	17.2897872924805	4.9732421875	3.4765625	
984.012	17.2897872924805	4.9732421875	3.4765625	
984.541	17.6797103881836	4.9736328125	3.5546875	
985.069	17.291145324707	4.9736328125	3.4765625	
985.597	16.901252746582	4.9732421875	3.3984375	
986.124	17.0941772460938	4.9728515625	3.4375	
986.652	17.4819946289063	4.97265625	3.515625	
987.18	17.8718872070313	4.973046875	3.59375	
987.711	16.7056732177734	4.9728515625	3.359375	
988.236	17.2925033569336	4.9740234375	3.4765625	
988.765	17.2925033569336	4.9740234375	3.4765625	
989.293	17.6797103881836	4.9736328125	3.5546875	
989.82	17.8739929199219	4.9736328125	3.59375	
990.348	17.2891082763672	4.973046875	3.4765625	
990.876	17.4833679199219	4.973046875	3.515625	
991.404	17.6748504638672	4.972265625	3.5546875	
991.933	17.2877502441406	4.97265625	3.4765625	
992.46	16.5120697021484	4.973046875	3.3203125	
992.988	17.2904663085938	4.9734375	3.4765625	
993.516	16.1248168945313	4.9734375	3.2421875	
994.045	16.7069854736328	4.9732421875	3.359375	
994.572	16.7056732177734	4.9728515625	3.359375	
995.1	16.5133666992188	4.9734375	3.3203125	
995.629	17.291145324707	4.9736328125	3.4765625	
996.157	16.9032440185547	4.973828125	3.3984375	
996.684	17.4888610839844	4.974609375	3.515625	
997.209	16.32421875	4.975	3.28125	
997.736	16.5198516845703	4.975390625	3.3203125	
998.265	16.7168273925781	4.976171875	3.359375	
998.795	16.3267822265625	4.97578125	3.28125	
999.32	17.2992935180664	4.9759765625	3.4765625	
999.848	16.7161712646484	4.9759765625	3.359375	
1000.376	16.3261413574219	4.9755859375	3.28125	
1000.904	17.2979354858398	4.9755859375	3.4765625	
1001.432	16.3235778808594	4.9748046875	3.28125	
1001.96	16.5159606933594	4.97421875	3.3203125	
1002.488	16.9045715332031	4.97421875	3.3984375	
1003.016	16.7089538574219	4.973828125	3.359375	
1003.544	16.7082977294922	4.9736328125	3.359375	
1004.072	16.5127182006836	4.9732421875	3.3203125	
1004.6	17.8739929199219	4.9736328125	3.59375	
1005.128	16.9019165039063	4.9734375	3.3984375	
1005.656	16.5107727050781	4.97265625	3.3203125	
1006.184	16.5120697021484	4.973046875	3.3203125	
1006.712	17.0941772460938	4.9728515625	3.4375	
1007.24	16.3171691894531	4.9728515625	3.28125	
1007.768	16.901252746582	4.9732421875	3.3984375	
1008.296	16.901252746582	4.9732421875	3.3984375	
1008.825	16.3210144042969	4.9740234375	3.28125	
1009.352	16.7089538574219	4.973828125	3.359375	
1009.882	17.098876953125	4.97421875	3.4375	
1010.408	16.9025802612305	4.9736328125	3.3984375	
1010.936	16.3210144042969	4.9740234375	3.28125	
1011.464	16.3216552734375	4.97421875	3.28125	
1011.992	16.9058990478516	4.974609375	3.3984375	
1012.517	16.712890625	4.975	3.359375	
1013.044	16.9058990478516	4.974609375	3.3984375	
1013.572	16.9078903198242	4.9751953125	3.3984375	
1014.1	17.109619140625	4.97734375	3.4375	
1014.628	16.3363952636719	4.9787109375	3.28125	
1015.156	16.339599609375	4.9796875	3.28125	
1015.684	16.9251480102539	4.9802734375	3.3984375	
1016.212	16.5380096435547	4.980859375	3.3203125	
1016.74	16.1482467651367	4.9806640625	3.2421875	
1017.268	17.5108337402344	4.980859375	3.515625	
1017.796	16.9271392822266	4.980859375	3.3984375	
1018.324	16.9278030395508	4.9810546875	3.3984375	
1018.852	17.1217041015625	4.980859375	3.4375	
1019.38	16.9271392822266	4.980859375	3.3984375	
1019.908	16.5373611450195	4.9806640625	3.3203125	
1020.435	17.1223754882813	4.9810546875	3.4375	
1020.967	16.9297943115234	4.981640625	3.3984375	
1021.491	17.1243896484375	4.981640625	3.4375	
1022.02	16.9304580688477	4.9818359375	3.3984375	
1022.548	16.9297943115234	4.981640625	3.3984375	
1023.076	17.706787109375	4.98125	3.5546875	
1023.604	16.9297943115234	4.981640625	3.3984375	
1024.131	16.9317855834961	4.9822265625	3.3984375	
1024.66	16.1533126831055	4.9822265625	3.2421875	
1025.188	16.7384796142578	4.9826171875	3.359375	
1025.715	17.1297607421875	4.983203125	3.4375	
1026.244	16.7430725097656	4.983984375	3.359375	
1026.772	16.1590118408203	4.983984375	3.2421875	
1027.299	16.5490341186523	4.9841796875	3.3203125	
1027.827	17.1358032226563	4.9849609375	3.4375	
1028.356	16.551628112793	4.9849609375	3.3203125	
1028.883	16.163444519043	4.9853515625	3.2421875	
1029.411	16.7470092773438	4.98515625	3.359375	
1029.94	16.551628112793	4.9849609375	3.3203125	
1030.467	16.7463531494141	4.9849609375	3.359375	
1030.995	16.3569030761719	4.9849609375	3.28125	
1031.524	16.5529251098633	4.9853515625	3.3203125	
1032.054	16.7476654052734	4.9853515625	3.359375	
1032.579	16.5542221069336	4.9857421875	3.3203125	
1033.107	16.3594665527344	4.9857421875	3.28125	
1033.635	16.360107421875	4.9859375	3.28125	
1034.163	16.9424057006836	4.9853515625	3.3984375	
1034.691	15.7739639282227	4.9853515625	3.1640625	
1035.219	16.7476654052734	4.9853515625	3.359375	
1035.747	16.1628112792969	4.98515625	3.2421875	
1036.276	17.1351318359375	4.984765625	3.4375	
1036.802	17.1337890625	4.984375	3.4375	
1037.328	16.744384765625	4.984375	3.359375	
1037.856	17.3271331787109	4.983984375	3.4765625	
1038.384	16.1602783203125	4.984375	3.2421875	
1038.912	16.3543395996094	4.9841796875	3.28125	
1039.44	15.9662017822266	4.9845703125	3.203125	
1039.968	16.7450408935547	4.9845703125	3.359375	
1040.496	15.5780029296875	4.9849609375	3.125	
1041.024	16.7463531494141	4.9849609375	3.359375	
1041.552	16.5535736083984	4.985546875	3.3203125	
1042.08	15.9680786132813	4.98515625	3.203125	
1042.608	15.7739639282227	4.9853515625	3.1640625	
1043.139	17.3339233398438	4.9859375	3.4765625	
1043.664	16.7489776611328	4.9857421875	3.359375	
1044.192	16.3581848144531	4.9853515625	3.28125	
1044.721	17.136474609375	4.98515625	3.4375	
1045.248	16.1615447998047	4.984765625	3.2421875	
1045.776	16.3556213378906	4.9845703125	3.28125	
1046.304	16.3562622070313	4.984765625	3.28125	
1046.834	16.3562622070313	4.984765625	3.28125	
1047.36	16.9404144287109	4.984765625	3.3984375	
1047.888	17.1351318359375	4.984765625	3.4375	
1048.416	15.7721099853516	4.984765625	3.1640625	
1048.944	16.3581848144531	4.9853515625	3.28125	
1049.472	15.7745819091797	4.985546875	3.1640625	
1050	16.3581848144531	4.9853515625	3.28125	
1050.528	16.5542221069336	4.9857421875	3.3203125	
1051.056	16.3607482910156	4.9861328125	3.28125	
1051.584	16.7496337890625	4.9859375	3.359375	
1052.113	16.1647109985352	4.9857421875	3.2421875	
1052.64	15.7751998901367	4.9857421875	3.1640625	
1053.168	16.1647109985352	4.9857421875	3.2421875	
1053.696	16.1659774780273	4.9861328125	3.2421875	
1054.226	15.7751998901367	4.9857421875	3.1640625	
1054.752	16.5548706054688	4.9859375	3.3203125	
1055.28	15.9724578857422	4.9865234375	3.203125	
1055.808	16.5581130981445	4.9869140625	3.3203125	
1056.336	15.9730834960938	4.98671875	3.203125	
1056.864	15.9724578857422	4.9865234375	3.203125	
1057.392	15.58349609375	4.98671875	3.125	
1057.92	16.7502899169922	4.9861328125	3.359375	
1058.448	17.1405029296875	4.986328125	3.4375	
1058.976	16.3607482910156	4.9861328125	3.28125	
1059.504	16.1647109985352	4.9857421875	3.2421875	
1060.032	16.7509460449219	4.986328125	3.359375	
1060.56	16.3594665527344	4.9857421875	3.28125	
1061.088	16.3607482910156	4.9861328125	3.28125	
1061.616	15.9730834960938	4.98671875	3.203125	
1062.141	15.5859375	4.9875	3.125	
1062.668	16.3658752441406	4.9876953125	3.28125	
1063.196	16.3677978515625	4.98828125	3.28125	
1063.724	16.7522583007813	4.98671875	3.359375	
1064.252	15.9749603271484	4.9873046875	3.203125	
1064.78	16.1672439575195	4.9865234375	3.2421875	
1065.31	15.9705810546875	4.9859375	3.203125	
1065.835	16.360107421875	4.9859375	3.28125	
1066.363	15.9699554443359	4.9857421875	3.203125	
1066.892	16.5561676025391	4.986328125	3.3203125	
1067.42	16.1666107177734	4.986328125	3.2421875	
1067.947	15.9705810546875	4.9859375	3.203125	
1068.476	16.7496337890625	4.9859375	3.359375	
1069.004	15.582275390625	4.986328125	3.125	
1069.532	15.9724578857422	4.9865234375	3.203125	
1070.06	15.9749603271484	4.9873046875	3.203125	
1070.587	15.7826156616211	4.9880859375	3.1640625	
1071.115	15.3929214477539	4.9880859375	3.0859375	
1071.644	16.1723098754883	4.9880859375	3.2421875	
1072.171	16.9536895751953	4.988671875	3.3984375	
1072.7	15.592041015625	4.989453125	3.125	
1073.228	16.955680847168	4.9892578125	3.3984375	
1073.756	16.3710021972656	4.9892578125	3.28125	
1074.284	16.7614440917969	4.989453125	3.359375	
1074.811	15.3971405029297	4.989453125	3.0859375	
1075.339	15.3965377807617	4.9892578125	3.0859375	
1075.867	15.7881774902344	4.98984375	3.1640625	
1076.398	16.1735763549805	4.9884765625	3.2421875	
1076.923	15.9793395996094	4.988671875	3.203125	
1077.452	15.9799652099609	4.9888671875	3.203125	
1077.979	15.9787139892578	4.9884765625	3.203125	
1078.507	15.9780883789063	4.98828125	3.203125	
1079.035	15.9805908203125	4.9890625	3.203125	
1079.563	15.5914306640625	4.9892578125	3.125	
1080.091	15.7881774902344	4.98984375	3.1640625	
1080.619	16.7647247314453	4.9904296875	3.359375	
1081.147	16.3767700195313	4.991015625	3.28125	
1081.675	15.599365234375	4.991796875	3.125	
1082.203	15.9893493652344	4.991796875	3.203125	
1082.731	16.7725982666016	4.9927734375	3.359375	
1083.259	15.99560546875	4.99375	3.203125	
1083.787	15.60791015625	4.99453125	3.125	
1084.315	16.5905380249023	4.9966796875	3.3203125	
1084.843	15.8141326904297	4.998046875	3.1640625	
1085.372	16.0118713378906	4.998828125	3.203125	
1085.899	16.7949066162109	4.9994140625	3.359375	
1086.427	16.0143737792969	4.999609375	3.203125	
1086.955	16.2115707397461	5.0001953125	3.2421875	
1087.486	16.7975311279297	5.0001953125	3.359375	
1088.008	16.9921875	5	3.3984375	
1088.535	15.819694519043	4.9998046875	3.1640625	
1089.063	15.819694519043	4.9998046875	3.1640625	
1089.591	16.4056091308594	4.9998046875	3.28125	
1090.119	16.2103042602539	4.9998046875	3.2421875	
1090.644	15.625	5	3.125	
1091.171	16.2077713012695	4.9990234375	3.2421875	
1091.705	16.5983200073242	4.9990234375	3.3203125	
1092.228	16.0106201171875	4.9984375	3.203125	
1092.755	16.0099945068359	4.9982421875	3.203125	
1093.283	16.7896575927734	4.9978515625	3.359375	
1093.811	16.5944290161133	4.9978515625	3.3203125	
1094.339	16.2027053833008	4.9974609375	3.2421875	
1094.867	16.2008056640625	4.996875	3.2421875	
1095.395	16.3940734863281	4.9962890625	3.28125	
1095.923	15.6134033203125	4.9962890625	3.125	
1096.452	15.2230682373047	4.9962890625	3.046875	
1096.98	15.611572265625	4.995703125	3.125	
1097.508	16.0006103515625	4.9953125	3.203125	
1098.036	15.8048629760742	4.9951171875	3.1640625	
1098.567	16.3889465332031	4.9947265625	3.28125	
1099.092	15.6097412109375	4.9951171875	3.125	
1099.62	16.0006103515625	4.9953125	3.203125	
1100.148	16.1982727050781	4.99609375	3.2421875	
1100.676	16.7824401855469	4.995703125	3.359375	
1101.204	16.197639465332	4.9958984375	3.2421875	
1101.732	16.1989059448242	4.9962890625	3.2421875	
1102.259	16.2020721435547	4.997265625	3.2421875	
1102.788	16.203971862793	4.9978515625	3.2421875	
1103.313	15.6201171875	4.9984375	3.125	
1103.84	16.4017639160156	4.9986328125	3.28125	
1104.368	16.5957260131836	4.9982421875	3.3203125	
1104.896	15.8135147094727	4.9978515625	3.1640625	
1105.424	15.2278289794922	4.9978515625	3.046875	
1105.952	16.2027053833008	4.9974609375	3.2421875	
1106.48	16.3972778320313	4.997265625	3.28125	
1107.008	16.2008056640625	4.996875	3.2421875	
1107.536	15.0279006958008	4.9962890625	3.0078125	
1108.064	16.3934326171875	4.99609375	3.28125	
1108.592	16.7817840576172	4.9955078125	3.359375	
1109.119	16.1963729858398	4.9955078125	3.2421875	
1109.65	16.1944732666016	4.994921875	3.2421875	
1110.175	16.3889465332031	4.9947265625	3.28125	
1110.703	15.60791015625	4.99453125	3.125	
1111.231	16.3876647949219	4.9943359375	3.28125	
1111.759	15.6060791015625	4.9939453125	3.125	
1112.288	15.410400390625	4.99375	3.0859375	
1112.815	15.6060791015625	4.9939453125	3.125	
1113.343	16.3838195800781	4.9931640625	3.28125	
1113.871	16.5775680541992	4.9927734375	3.3203125	
1114.4	16.3818969726563	4.992578125	3.28125	
1114.927	15.9912261962891	4.9923828125	3.203125	
1115.455	16.1856079101563	4.9921875	3.2421875	
1115.983	15.9899749755859	4.9919921875	3.203125	
1116.511	16.5762710571289	4.9923828125	3.3203125	
1117.04	15.9931030273438	4.99296875	3.203125	
1117.568	16.7712860107422	4.9923828125	3.359375	
1118.095	15.9912261962891	4.9923828125	3.203125	
1118.623	15.7955932617188	4.9921875	3.1640625	
1119.151	15.9906005859375	4.9921875	3.203125	
1119.679	15.601806640625	4.992578125	3.125	
1120.207	15.9937286376953	4.9931640625	3.203125	
1120.738	15.410400390625	4.99375	3.0859375	
1121.263	15.99560546875	4.99375	3.203125	
1121.791	15.800537109375	4.99375	3.1640625	
1122.319	15.411003112793	4.9939453125	3.0859375	
1122.847	16.1900405883789	4.9935546875	3.2421875	
1123.375	15.7993011474609	4.993359375	3.1640625	
1123.903	16.1900405883789	4.9935546875	3.2421875	
1124.431	16.190673828125	4.99375	3.2421875	
1124.959	15.99560546875	4.99375	3.203125	
1125.487	15.9937286376953	4.9931640625	3.203125	
1126.015	16.3831787109375	4.99296875	3.28125	
1126.543	16.3825378417969	4.9927734375	3.28125	
1127.071	15.7974472045898	4.9927734375	3.1640625	
1127.599	16.7732543945313	4.99296875	3.359375	
1128.127	16.1887741088867	4.9931640625	3.2421875	
1128.655	16.7732543945313	4.99296875	3.359375	
1129.183	15.7968292236328	4.992578125	3.1640625	
1129.711	16.7719421386719	4.992578125	3.359375	
1130.239	15.4061813354492	4.9923828125	3.0859375	
1130.767	15.4055786132813	4.9921875	3.0859375	
1131.295	16.1862411499023	4.9923828125	3.2421875	
1131.825	15.7962112426758	4.9923828125	3.1640625	
1132.351	16.1849746704102	4.9919921875	3.2421875	
1132.88	16.5756225585938	4.9921875	3.3203125	
1133.407	16.3793334960938	4.991796875	3.28125	
1133.935	16.1849746704102	4.9919921875	3.2421875	
1134.463	15.9931030273438	4.99296875	3.203125	
1134.991	16.3831787109375	4.99296875	3.28125	
1135.519	15.799919128418	4.9935546875	3.1640625	
1136.047	15.6036376953125	4.9931640625	3.125	
1136.575	16.3844604492188	4.993359375	3.28125	
1137.103	15.9949798583984	4.9935546875	3.203125	
1137.631	16.1887741088867	4.9931640625	3.2421875	
1138.159	15.799919128418	4.9935546875	3.1640625	
1138.687	15.604248046875	4.993359375	3.125	
1139.215	15.800537109375	4.99375	3.1640625	
1139.743	16.5801620483398	4.9935546875	3.3203125	
1140.271	15.9949798583984	4.9935546875	3.203125	
1140.799	16.1887741088867	4.9931640625	3.2421875	
1141.327	15.7974472045898	4.9927734375	3.1640625	
1141.855	15.60302734375	4.99296875	3.125	
1142.383	15.7980651855469	4.99296875	3.1640625	
1142.913	15.7974472045898	4.9927734375	3.1640625	
1143.439	15.601806640625	4.992578125	3.125	
1143.967	15.0167388916016	4.992578125	3.0078125	
1144.495	15.9906005859375	4.9921875	3.203125	
1145.023	15.7968292236328	4.992578125	3.1640625	
1145.551	16.1868743896484	4.992578125	3.2421875	
1146.078	16.3799743652344	4.9919921875	3.28125	
1146.607	15.9887237548828	4.9916015625	3.203125	
1147.135	15.7937393188477	4.9916015625	3.1640625	
1147.662	16.1830749511719	4.99140625	3.2421875	
1148.19	16.37548828125	4.990625	3.28125	
1148.719	15.7912673950195	4.9908203125	3.1640625	
1149.247	15.9899749755859	4.9919921875	3.203125	
1149.774	15.7980651855469	4.99296875	3.1640625	
1150.302	15.6024169921875	4.9927734375	3.125	
1150.83	15.9931030273438	4.99296875	3.203125	
1151.358	15.799919128418	4.9935546875	3.1640625	
1151.886	15.6060791015625	4.9939453125	3.125	
1152.414	16.3851013183594	4.9935546875	3.28125	
1152.942	15.410400390625	4.99375	3.0859375	
1153.47	15.9943542480469	4.993359375	3.203125	
1154.001	15.7993011474609	4.993359375	3.1640625	
1154.526	15.604248046875	4.993359375	3.125	
1155.054	15.2129516601563	4.99296875	3.046875	
1155.583	16.1881408691406	4.99296875	3.2421875	
1156.112	15.7980651855469	4.99296875	3.1640625	
1156.64	15.6011962890625	4.9923828125	3.125	
1157.167	16.380615234375	4.9921875	3.28125	
1157.695	15.9887237548828	4.9916015625	3.203125	
1158.224	16.1849746704102	4.9919921875	3.2421875	
1158.752	15.7949752807617	4.9919921875	3.1640625	
1159.279	15.7943572998047	4.991796875	3.1640625	
1159.807	15.9880981445313	4.99140625	3.203125	
1160.335	14.8182373046875	4.99140625	2.96875	
1160.863	15.4019622802734	4.991015625	3.0859375	
1161.391	15.9849700927734	4.9904296875	3.203125	
1161.919	15.7887954711914	4.9900390625	3.1640625	
1162.447	15.3989486694336	4.9900390625	3.0859375	
1162.975	15.59326171875	4.98984375	3.125	
1163.503	15.7875595092773	4.9896484375	3.1640625	
1164.031	15.7863235473633	4.9892578125	3.1640625	
1164.559	16.1754760742188	4.9890625	3.2421875	
1165.09	15.5889892578125	4.9884765625	3.125	
1165.615	15.9787139892578	4.9884765625	3.203125	
1166.143	16.5626525878906	4.98828125	3.3203125	
1166.671	15.5865478515625	4.9876953125	3.125	
1167.199	15.9762115478516	4.9876953125	3.203125	
1167.724	15.5859375	4.9875	3.125	
1168.251	15.1950988769531	4.987109375	3.046875	
1168.779	15.7776718139648	4.9865234375	3.1640625	
1169.307	15.1939086914063	4.98671875	3.046875	
1169.835	16.1672439575195	4.9865234375	3.2421875	
1170.363	15.58349609375	4.98671875	3.125	
1170.891	15.9730834960938	4.98671875	3.203125	
1171.419	14.9973526000977	4.9861328125	3.0078125	
1171.947	15.9712066650391	4.9861328125	3.203125	
1172.475	15.3862915039063	4.9859375	3.0859375	
1173.003	15.579833984375	4.985546875	3.125	
1173.531	16.3581848144531	4.9853515625	3.28125	
1174.059	16.163444519043	4.9853515625	3.2421875	
1174.587	15.9668273925781	4.984765625	3.203125	
1175.115	17.1358032226563	4.9849609375	3.4375	
1175.643	15.7739639282227	4.9853515625	3.1640625	
1176.173	15.1897430419922	4.9853515625	3.046875	
1176.699	15.7758178710938	4.9859375	3.1640625	
1177.227	15.7776718139648	4.9865234375	3.1640625	
1177.755	16.1672439575195	4.9865234375	3.2421875	
1178.283	16.1659774780273	4.9861328125	3.2421875	
1178.811	15.9712066650391	4.9861328125	3.203125	
1179.345	15.9699554443359	4.9857421875	3.203125	
1179.867	15.3856887817383	4.9857421875	3.0859375	
1180.395	16.5529251098633	4.9853515625	3.3203125	
1180.923	14.9967651367188	4.9859375	3.0078125	
1181.451	15.7764358520508	4.9861328125	3.1640625	
1181.979	15.7776718139648	4.9865234375	3.1640625	
1182.507	15.1939086914063	4.98671875	3.046875	
1183.035	14.9985275268555	4.9865234375	3.0078125	
1183.562	15.7758178710938	4.9859375	3.1640625	
1184.091	15.1915283203125	4.9859375	3.046875	
1184.619	15.7751998901367	4.9857421875	3.1640625	
1185.147	16.3581848144531	4.9853515625	3.28125	
1185.675	15.579833984375	4.985546875	3.125	
1186.203	15.9699554443359	4.9857421875	3.203125	
1186.731	15.5804443359375	4.9857421875	3.125	
1187.261	15.9718322753906	4.986328125	3.203125	
1187.787	16.1659774780273	4.9861328125	3.2421875	
1188.314	15.3874969482422	4.986328125	3.0859375	
1188.843	15.5828857421875	4.9865234375	3.125	
1189.371	15.9718322753906	4.986328125	3.203125	
1189.899	15.3893051147461	4.9869140625	3.0859375	
1190.426	15.7782897949219	4.98671875	3.1640625	
1190.954	15.7770538330078	4.986328125	3.1640625	
1191.483	15.9724578857422	4.9865234375	3.203125	
1192.01	16.3620300292969	4.9865234375	3.28125	
1192.538	15.3880996704102	4.9865234375	3.0859375	
1193.066	14.9979400634766	4.986328125	3.0078125	
1193.594	15.7782897949219	4.98671875	3.1640625	
1194.122	15.7776718139648	4.9865234375	3.1640625	
1194.651	15.3893051147461	4.9869140625	3.0859375	
1195.179	15.9724578857422	4.9865234375	3.203125	
1195.706	15.1939086914063	4.98671875	3.046875	
1196.234	15.7776718139648	4.9865234375	3.1640625	
1196.763	15.7782897949219	4.98671875	3.1640625	
1197.29	15.7782897949219	4.98671875	3.1640625	
1197.818	16.3626708984375	4.98671875	3.28125	
1198.349	15.9718322753906	4.986328125	3.203125	
1198.874	15.5828857421875	4.9865234375	3.125	
1199.404	15.9724578857422	4.9865234375	3.203125	
1199.931	15.5828857421875	4.9865234375	3.125	
1200.458	16.1666107177734	4.986328125	3.2421875	
1200.987	15.9712066650391	4.9861328125	3.203125	
1201.514	16.3594665527344	4.9857421875	3.28125	
1202.042	16.3607482910156	4.9861328125	3.28125	
1202.57	15.7764358520508	4.9861328125	3.1640625	
1203.098	16.3613891601563	4.986328125	3.28125	
1203.626	15.1945037841797	4.9869140625	3.046875	
1204.154	15.3880996704102	4.9865234375	3.0859375	
1204.682	15.3893051147461	4.9869140625	3.0859375	
1205.21	15.1945037841797	4.9869140625	3.046875	
1205.738	15.9743347167969	4.987109375	3.203125	
1206.266	15.1968841552734	4.9876953125	3.046875	
1206.795	15.587158203125	4.987890625	3.125	
1207.322	15.3929214477539	4.9880859375	3.0859375	
1207.85	15.9768371582031	4.987890625	3.203125	
1208.378	16.1729431152344	4.98828125	3.2421875	
1208.906	15.9787139892578	4.9884765625	3.203125	
1209.436	16.1735763549805	4.9884765625	3.2421875	
1209.962	15.5914306640625	4.9892578125	3.125	
1210.49	15.9799652099609	4.9888671875	3.203125	
1211.018	15.0061645507813	4.9890625	3.0078125	
1211.546	16.1742095947266	4.988671875	3.2421875	
1212.074	15.58837890625	4.98828125	3.125	
1212.602	15.7832336425781	4.98828125	3.1640625	
1213.13	15.3923187255859	4.987890625	3.0859375	
1213.655	16.365234375	4.9875	3.28125	
1214.183	15.3893051147461	4.9869140625	3.0859375	
1214.71	15.9737091064453	4.9869140625	3.203125	
1215.238	15.7770538330078	4.986328125	3.1640625	
1215.766	16.1691436767578	4.987109375	3.2421875	
1216.295	15.3887023925781	4.98671875	3.0859375	
1216.823	16.9443969726563	4.9859375	3.3984375	
1217.351	15.5792236328125	4.9853515625	3.125	
1217.879	15.3838806152344	4.98515625	3.0859375	
1218.407	16.3543395996094	4.9841796875	3.28125	
1218.935	15.5767822265625	4.9845703125	3.125	
1219.463	16.1577453613281	4.98359375	3.2421875	
1219.991	16.5470886230469	4.98359375	3.3203125	
1220.522	15.7702560424805	4.9841796875	3.1640625	
1221.047	15.574951171875	4.983984375	3.125	
1221.575	14.7933044433594	4.9830078125	2.96875	
1222.103	16.7417602539063	4.98359375	3.359375	
1222.631	15.7690200805664	4.9837890625	3.1640625	
1223.159	15.7684020996094	4.98359375	3.1640625	
1223.687	15.7677841186523	4.9833984375	3.1640625	
1224.215	15.7702560424805	4.9841796875	3.1640625	
1224.743	16.5470886230469	4.98359375	3.3203125	
1225.271	16.3504943847656	4.9830078125	3.28125	
1225.799	15.7684020996094	4.98359375	3.1640625	
1226.327	15.9605712890625	4.9828125	3.203125	
1226.855	15.7677841186523	4.9833984375	3.1640625	
1227.383	15.7653121948242	4.9826171875	3.1640625	
1227.911	16.1533126831055	4.9822265625	3.2421875	
1228.439	16.1545791625977	4.9826171875	3.2421875	
1228.966	15.3742370605469	4.98203125	3.0859375	
1229.495	15.1790313720703	4.9818359375	3.046875	
1230.023	15.1778411865234	4.9814453125	3.046875	
1230.55	16.1488800048828	4.980859375	3.2421875	
1231.078	15.9536895751953	4.9806640625	3.203125	
1231.609	15.1754608154297	4.9806640625	3.046875	
1232.135	15.3682098388672	4.980078125	3.0859375	
1232.662	15.1730804443359	4.9798828125	3.046875	
1233.19	15.1742706298828	4.9802734375	3.046875	
1233.718	15.372428894043	4.9814453125	3.0859375	
1234.246	16.5373611450195	4.9806640625	3.3203125	
1234.774	15.9524383544922	4.9802734375	3.203125	
1235.302	15.3700180053711	4.9806640625	3.0859375	
1235.83	15.9524383544922	4.9802734375	3.203125	
1236.359	15.3700180053711	4.9806640625	3.0859375	
1236.887	16.5360641479492	4.9802734375	3.3203125	
1237.415	15.9511871337891	4.9798828125	3.203125	
1237.942	15.5657958984375	4.9810546875	3.125	
1238.47	15.56396484375	4.98046875	3.125	
1238.998	15.1760559082031	4.980859375	3.046875	
1239.527	15.3766479492188	4.9828125	3.0859375	
1240.051	15.5712890625	4.9828125	3.125	
1240.578	14.9867782592773	4.9826171875	3.0078125	
1241.106	14.7904052734375	4.98203125	2.96875	
1241.635	14.9850158691406	4.98203125	3.0078125	
1242.162	14.9850158691406	4.98203125	3.0078125	
1242.692	15.5670166015625	4.9814453125	3.125	
1243.218	14.9814910888672	4.980859375	3.0078125	
1243.746	14.7875061035156	4.9810546875	2.96875	
1244.274	15.565185546875	4.980859375	3.125	
1244.799	15.56640625	4.98125	3.125	
1245.329	15.371223449707	4.9810546875	3.0859375	
1245.854	14.9838409423828	4.981640625	3.0078125	
1246.382	14.9832534790039	4.9814453125	3.0078125	
1246.91	14.9832534790039	4.9814453125	3.0078125	
1247.438	15.1784362792969	4.981640625	3.046875	
1247.966	14.7909851074219	4.9822265625	2.96875	
1248.494	15.3778533935547	4.983203125	3.0859375	
1249.022	14.6020889282227	4.9841796875	2.9296875	
1249.55	15.577392578125	4.984765625	3.125	
1250.079	14.4090881347656	4.984765625	2.890625	
1250.606	14.4107818603516	4.9853515625	2.890625	
1251.134	15.582275390625	4.986328125	3.125	
1251.659	15.5810546875	4.9859375	3.125	
1252.186	14.2182693481445	4.9861328125	2.8515625	
1252.714	14.6060943603516	4.985546875	2.9296875	
1253.242	14.6055221557617	4.9853515625	2.9296875	
1253.773	14.6049499511719	4.98515625	2.9296875	
1254.299	15.1885528564453	4.9849609375	3.046875	
1254.826	14.4113464355469	4.985546875	2.890625	
1255.354	14.2188262939453	4.986328125	2.8515625	
1255.882	14.6095275878906	4.98671875	2.9296875	
1256.41	15.0002899169922	4.987109375	3.0078125	
1256.938	14.8049011230469	4.9869140625	2.96875	
1257.466	14.61181640625	4.9875	2.9296875	
1257.991	14.806640625	4.9875	2.96875	
1258.518	14.4175567626953	4.9876953125	2.890625	
1259.046	14.2227249145508	4.9876953125	2.8515625	
1259.574	14.8072204589844	4.9876953125	2.96875	
1260.102	14.4175567626953	4.9876953125	2.890625	
1260.63	14.6123886108398	4.9876953125	2.9296875	
1261.158	15.1974792480469	4.987890625	3.046875	
1261.686	15.1956939697266	4.9873046875	3.046875	
1262.211	14.806640625	4.9875	2.96875	
1262.735	14.4169921875	4.9875	2.890625	
1263.262	15.1974792480469	4.987890625	3.046875	
1263.79	14.6141052246094	4.98828125	2.9296875	
1264.318	14.6141052246094	4.98828125	2.9296875	
1264.848	14.4220733642578	4.9892578125	2.890625	
1265.374	14.6198272705078	4.990234375	2.9296875	
1265.902	13.8422698974609	4.991015625	2.7734375	
1266.43	14.8188171386719	4.9916015625	2.96875	
1266.958	14.6238327026367	4.9916015625	2.9296875	
1267.485	13.8466033935547	4.992578125	2.7734375	
1268.013	14.0443725585938	4.9935546875	2.8125	
1268.541	15.0243759155273	4.9951171875	3.0078125	
1269.069	15.0255508422852	4.9955078125	3.0078125	
1269.597	15.2206878662109	4.9955078125	3.046875	
1270.125	15.0255508422852	4.9955078125	3.0078125	
1270.653	15.0255508422852	4.9955078125	3.0078125	
1271.182	14.0498657226563	4.9955078125	2.8125	
1271.709	14.4390106201172	4.9951171875	2.890625	
1272.237	15.0249633789063	4.9953125	3.0078125	
1272.766	14.6347045898438	4.9953125	2.9296875	
1273.294	15.611572265625	4.995703125	3.125	
1273.821	15.0302505493164	4.9970703125	3.0078125	
1274.35	13.6649322509766	4.9974609375	2.734375	
1274.877	15.618896484375	4.998046875	3.125	
1275.405	14.6455764770508	4.9990234375	2.9296875	
1275.936	14.4519958496094	4.999609375	2.890625	
1276.46	15.4296875	5	3.0859375	
1276.987	14.2600402832031	5.00078125	2.8515625	
1277.515	14.6501541137695	5.0005859375	2.9296875	
1278.043	14.2611541748047	5.001171875	2.8515625	
1278.571	13.8715209960938	5.0015625	2.7734375	
1279.099	14.8512878417969	5.0025390625	2.96875	
1279.627	14.6547317504883	5.0021484375	2.9296875	
1280.154	14.2639389038086	5.0021484375	2.8515625	
1280.682	13.8731460571289	5.0021484375	2.7734375	
1281.21	14.6541595458984	5.001953125	2.9296875	
1281.738	14.4587707519531	5.001953125	2.890625	
1282.266	14.2639389038086	5.0021484375	2.8515625	
1282.794	14.2656097412109	5.002734375	2.8515625	
1283.322	13.28955078125	5.003125	2.65625	
1283.85	13.6830902099609	5.0041015625	2.734375	
1284.378	14.0762329101563	5.0048828125	2.8125	
1284.906	13.6846923828125	5.0046875	2.734375	
1285.434	13.2968139648438	5.005859375	2.65625	
1285.962	13.8839797973633	5.0060546875	2.7734375	
1286.49	14.2761917114258	5.0064453125	2.8515625	
1287.021	13.6916351318359	5.0072265625	2.734375	
1287.546	13.5018310546875	5.009375	2.6953125	
1288.074	13.30615234375	5.009375	2.65625	
1288.602	13.5023574829102	5.0095703125	2.6953125	
1289.13	12.9158020019531	5.009765625	2.578125	
1289.658	12.1344451904297	5.0103515625	2.421875	
1290.186	13.5044631958008	5.0103515625	2.6953125	
1290.714	13.508674621582	5.0119140625	2.6953125	
1291.242	13.1181411743164	5.0123046875	2.6171875	
1291.77	13.1191635131836	5.0126953125	2.6171875	
1292.3	12.9243621826172	5.0130859375	2.578125	
1292.826	13.7103271484375	5.0140625	2.734375	
1293.354	13.1242752075195	5.0146484375	2.6171875	
1293.882	13.1247863769531	5.01484375	2.6171875	
1294.41	13.32275390625	5.015625	2.65625	
1294.938	12.53857421875	5.0154296875	2.5	
1295.466	13.32275390625	5.015625	2.65625	
1295.991	12.54296875	5.0171875	2.5	
1296.518	12.9354400634766	5.0173828125	2.578125	
1297.046	11.9550170898438	5.0171875	2.3828125	
1297.574	13.3279418945313	5.017578125	2.65625	
1298.104	12.7404403686523	5.0177734375	2.5390625	
1298.63	13.9159393310547	5.017578125	2.7734375	
1299.158	12.3469848632813	5.0171875	2.4609375	
1299.686	13.1288757324219	5.01640625	2.6171875	
1300.214	13.1293869018555	5.0166015625	2.6171875	
1300.742	12.54150390625	5.0166015625	2.5	
1301.27	12.1505279541016	5.0169921875	2.421875	
1301.795	12.54296875	5.0171875	2.5	
1302.322	12.9354400634766	5.0173828125	2.578125	
1302.85	12.54541015625	5.0181640625	2.5	
1303.378	12.3498687744141	5.018359375	2.4609375	
1303.906	12.9369506835938	5.01796875	2.578125	
1304.434	12.9399719238281	5.019140625	2.578125	
1304.962	12.1557312011719	5.019140625	2.421875	
1305.49	11.3719329833984	5.0193359375	2.265625	
1306.018	12.7449035644531	5.01953125	2.5390625	
1306.546	11.5689010620117	5.0197265625	2.3046875	
1307.074	11.5693511962891	5.019921875	2.3046875	
1307.602	12.3541946411133	5.0201171875	2.4609375	
1308.13	11.9661865234375	5.021875	2.3828125	
1308.658	12.1618804931641	5.0216796875	2.421875	
1309.188	11.7741394042969	5.0236328125	2.34375	
1309.714	11.5864562988281	5.02734375	2.3046875	
1310.242	11.5905075073242	5.0291015625	2.3046875	
1310.769	11.3971557617188	5.03046875	2.265625	
1311.298	11.5972595214844	5.03203125	2.3046875	
1311.825	10.8126831054688	5.0328125	2.1484375	
1312.353	11.4068908691406	5.034765625	2.265625	
1312.882	11.01611328125	5.0359375	2.1875	
1313.41	11.02294921875	5.0390625	2.1875	
1313.935	11.0263671875	5.040625	2.1875	
1314.461	10.8332443237305	5.0423828125	2.1484375	
1314.989	10.4433517456055	5.0443359375	2.0703125	
1315.518	11.2341384887695	5.0455078125	2.2265625	
1316.046	10.6445159912109	5.0462890625	2.109375	
1316.574	10.6473999023438	5.04765625	2.109375	
1317.101	10.4514389038086	5.0482421875	2.0703125	
1317.63	10.8462524414063	5.0484375	2.1484375	
1318.157	10.6482238769531	5.048046875	2.109375	
1318.685	10.0558776855469	5.04765625	1.9921875	
1319.213	10.8437347412109	5.047265625	2.1484375	
1319.741	9.85832214355469	5.0474609375	1.953125	
1320.272	10.4490127563477	5.0470703125	2.0703125	
1320.797	11.0404663085938	5.0470703125	2.1875	
1321.325	10.8424758911133	5.0466796875	2.1484375	
1321.853	11.0396118164063	5.0466796875	2.1875	
1322.381	10.4482040405273	5.0466796875	2.0703125	
1322.909	10.6445159912109	5.0462890625	2.109375	
1323.437	10.6453399658203	5.0466796875	2.109375	
1323.965	10.8407974243164	5.0458984375	2.1484375	
1324.493	10.8407974243164	5.0458984375	2.1484375	
1325.021	10.4469909667969	5.04609375	2.0703125	
1325.549	10.0531539916992	5.0462890625	1.9921875	
1326.077	10.447395324707	5.0462890625	2.0703125	
1326.605	10.6449279785156	5.046484375	2.109375	
1327.133	10.0539321899414	5.0466796875	1.9921875	
1327.662	10.0543212890625	5.046875	1.9921875	
1328.189	9.85641479492188	5.046484375	1.953125	
1328.717	10.056266784668	5.0478515625	1.9921875	
1329.245	10.0582122802734	5.048828125	1.9921875	
1329.773	10.4538650512695	5.0494140625	2.0703125	
1330.301	10.4587173461914	5.0517578125	2.0703125	
1330.829	10.0656051635742	5.0525390625	1.9921875	
1331.36	10.0663833618164	5.0529296875	1.9921875	
1331.885	9.67648315429688	5.05546875	1.9140625	
1332.413	10.2713012695313	5.056640625	2.03125	
1332.941	10.0741653442383	5.0568359375	1.9921875	
1333.469	10.8659744262695	5.0576171875	2.1484375	
1333.997	9.68059539794922	5.0576171875	1.9140625	
1334.525	10.6679992675781	5.057421875	2.109375	
1335.053	10.2740783691406	5.0580078125	2.03125	
1335.581	10.4728698730469	5.05859375	2.0703125	
1336.11	10.4736785888672	5.058984375	2.0703125	
1336.638	9.88006591796875	5.05859375	1.953125	
1337.166	9.87968444824219	5.0583984375	1.953125	
1337.694	10.0768890380859	5.058203125	1.9921875	
1338.222	10.2744750976563	5.058203125	2.03125	
1338.75	10.2752685546875	5.05859375	2.03125	
1339.278	10.2764587402344	5.0591796875	2.03125	
1339.807	10.6717071533203	5.0591796875	2.109375	
1340.334	9.88082885742188	5.058984375	1.953125	
1340.862	9.881591796875	5.059375	1.953125	
1341.39	8.89411926269531	5.059765625	1.7578125	
1341.918	10.0784454345703	5.058984375	1.9921875	
1342.448	9.68508148193359	5.0599609375	1.9140625	
1342.974	9.68582916259766	5.0603515625	1.9140625	
1343.502	10.0803909301758	5.0599609375	1.9921875	
1344.03	10.0827255249023	5.0611328125	1.9921875	
1344.558	10.0838928222656	5.06171875	1.9921875	
1345.086	9.88655090332031	5.0619140625	1.953125	
1345.614	9.88731384277344	5.0623046875	1.953125	
1346.142	9.69181060791016	5.0634765625	1.9140625	
1346.67	9.69181060791016	5.0634765625	1.9140625	
1347.198	10.4841918945313	5.0640625	2.0703125	
1347.726	10.0916748046875	5.065625	1.9921875	
1348.254	9.89418029785156	5.0658203125	1.953125	
1348.782	10.0924530029297	5.066015625	1.9921875	
1349.31	10.093620300293	5.0666015625	1.9921875	
1349.838	10.6877746582031	5.066796875	2.109375	
1350.366	10.2919311523438	5.066796875	2.03125	
1350.894	10.2915344238281	5.0666015625	2.03125	
1351.423	9.69779205322266	5.0666015625	1.9140625	
1351.95	10.0932312011719	5.06640625	1.9921875	
1352.477	11.0823364257813	5.0662109375	2.1875	
1353.006	10.2903442382813	5.066015625	2.03125	
1353.536	10.2903442382813	5.066015625	2.03125	
1354.062	10.0932312011719	5.06640625	1.9921875	
1354.589	10.4890441894531	5.06640625	2.0703125	
1355.117	10.0916748046875	5.065625	1.9921875	
1355.643	9.498046875	5.065625	1.875	
1356.17	10.4890441894531	5.06640625	2.0703125	
1356.697	10.292724609375	5.0671875	2.03125	
1357.225	10.2951049804688	5.068359375	2.03125	
1357.753	9.70601654052734	5.0708984375	1.9140625	
1358.281	9.90371704101563	5.070703125	1.953125	
1358.809	10.1025695800781	5.07109375	1.9921875	
1359.337	9.5079345703125	5.0708984375	1.875	
1359.866	9.30913543701172	5.0705078125	1.8359375	
1360.394	9.30877685546875	5.0703125	1.8359375	
1360.921	9.90219116210938	5.069921875	1.953125	
1361.449	10.1006240844727	5.0701171875	1.9921875	
1361.977	9.90257263183594	5.0701171875	1.953125	
1362.505	9.70414733886719	5.069921875	1.9140625	
1363.033	10.1010131835938	5.0703125	1.9921875	
1363.561	9.70377349853516	5.0697265625	1.9140625	
1364.089	9.11001586914063	5.069921875	1.796875	
1364.62	10.2966918945313	5.069140625	2.03125	
1365.145	9.30626678466797	5.0689453125	1.8359375	
1365.673	10.0971221923828	5.068359375	1.9921875	
1366.201	9.70040893554688	5.06796875	1.9140625	
1366.729	10.097900390625	5.06875	1.9921875	
1367.257	10.4934921264648	5.0685546875	2.0703125	
1367.785	9.30483245849609	5.0681640625	1.8359375	
1368.313	9.5013427734375	5.0673828125	1.875	
1368.841	9.69853973388672	5.0669921875	1.9140625	
1369.369	9.30196380615234	5.0666015625	1.8359375	
1369.897	9.89456176757813	5.066015625	1.953125	
1370.425	9.89532470703125	5.06640625	1.953125	
1370.953	9.4998779296875	5.0666015625	1.875	
1371.481	9.69779205322266	5.0666015625	1.9140625	
1372.009	9.69667053222656	5.066015625	1.9140625	
1372.537	10.0920639038086	5.0658203125	1.9921875	
1373.065	9.89456176757813	5.066015625	1.953125	
1373.593	10.2915344238281	5.0666015625	2.03125	
1374.121	9.89494323730469	5.0662109375	1.953125	
1374.649	9.30124664306641	5.0662109375	1.8359375	
1375.177	9.4998779296875	5.0666015625	1.875	
1375.707	10.0947875976563	5.0671875	1.9921875	
1376.233	9.10440063476563	5.066796875	1.796875	
1376.761	9.69853973388672	5.0669921875	1.9140625	
1377.289	9.10369873046875	5.06640625	1.796875	
1377.817	10.4882354736328	5.066015625	2.0703125	
1378.345	10.2903442382813	5.066015625	2.03125	
1378.873	9.69629669189453	5.0658203125	1.9140625	
1379.401	9.30088806152344	5.066015625	1.8359375	
1379.929	9.69816589355469	5.066796875	1.9140625	
1380.457	8.90613555908203	5.0666015625	1.7578125	
1380.985	9.10299682617188	5.066015625	1.796875	
1381.513	9.498779296875	5.066015625	1.875	
1382.041	9.3001708984375	5.065625	1.8359375	
1382.569	9.3001708984375	5.065625	1.8359375	
1383.097	9.30088806152344	5.066015625	1.8359375	
1383.625	9.29873657226563	5.06484375	1.8359375	
1384.153	9.10054016113281	5.0646484375	1.796875	
1384.681	9.4954833984375	5.0642578125	1.875	
1385.209	8.90098571777344	5.063671875	1.7578125	
1385.736	9.09843444824219	5.0634765625	1.796875	
1386.265	9.09773254394531	5.0630859375	1.796875	
1386.795	9.29550933837891	5.0630859375	1.8359375	
1387.321	8.90098571777344	5.063671875	1.7578125	
1387.849	8.703857421875	5.0640625	1.71875	
1388.377	9.69480133056641	5.0650390625	1.9140625	
1388.905	8.11541748046875	5.0671875	1.6015625	
1389.433	8.51260375976563	5.06796875	1.6796875	
1389.96	9.504638671875	5.069140625	1.875	
1390.489	8.71359252929688	5.0697265625	1.71875	
1391.016	8.91231536865234	5.0701171875	1.7578125	
1391.544	8.71560668945313	5.0708984375	1.71875	
1392.072	9.31128692626953	5.0716796875	1.8359375	
1392.601	9.31128692626953	5.0716796875	1.8359375	
1393.128	8.71728515625	5.071875	1.71875	
1393.656	9.113525390625	5.071875	1.796875	
1394.185	9.11528015136719	5.0728515625	1.796875	
1394.712	8.71963500976563	5.0732421875	1.71875	
1395.24	8.71929931640625	5.073046875	1.71875	
1395.768	9.11598205566406	5.0732421875	1.796875	
1396.297	8.72030639648438	5.0736328125	1.71875	
1396.826	9.31523132324219	5.073828125	1.8359375	
1397.353	8.32392883300781	5.0736328125	1.640625	
1397.884	8.3236083984375	5.0734375	1.640625	
1398.409	8.32296752929688	5.073046875	1.640625	
1398.937	8.52014923095703	5.0724609375	1.6796875	
1399.465	8.71762084960938	5.0720703125	1.71875	
1399.994	10.1056823730469	5.07265625	1.9921875	
1400.522	8.719970703125	5.0734375	1.71875	
1401.047	7.9296875	5.075	1.5625	
1401.573	8.52605438232422	5.0759765625	1.6796875	
1402.101	8.52638244628906	5.076171875	1.6796875	
1402.629	9.91401672363281	5.0759765625	1.953125	
1403.157	8.72366333007813	5.0755859375	1.71875	
1403.685	8.52507019042969	5.075390625	1.6796875	
1404.213	8.12824249267578	5.0751953125	1.6015625	
1404.741	9.11878967285156	5.0748046875	1.796875	
1405.269	8.52342987060547	5.0744140625	1.6796875	
1405.799	8.7213134765625	5.07421875	1.71875	
1406.325	8.91883850097656	5.073828125	1.7578125	
1406.853	7.72995758056641	5.0740234375	1.5234375	
1407.382	8.72030639648438	5.0736328125	1.71875	
1407.909	8.12542724609375	5.0734375	1.6015625	
1408.437	9.31415557861328	5.0732421875	1.8359375	
1408.968	9.11528015136719	5.0728515625	1.796875	
1409.493	8.7186279296875	5.07265625	1.71875	
1410.021	8.12417602539063	5.07265625	1.6015625	
1410.549	8.71728515625	5.071875	1.71875	
1411.077	8.51785278320313	5.07109375	1.6796875	
1411.605	8.32072448730469	5.0716796875	1.640625	
1412.133	8.12167358398438	5.07109375	1.6015625	
1412.661	8.51785278320313	5.07109375	1.6796875	
1413.189	8.5191650390625	5.071875	1.6796875	
1413.717	8.91506195068359	5.0716796875	1.7578125	
1414.245	8.71560668945313	5.0708984375	1.71875	
1414.773	9.9029541015625	5.0703125	1.953125	
1415.301	8.31784057617188	5.069921875	1.640625	
1415.829	8.51654052734375	5.0703125	1.6796875	
1416.357	8.31816101074219	5.0701171875	1.640625	
1416.885	9.30913543701172	5.0705078125	1.8359375	
1417.413	8.51719665527344	5.070703125	1.6796875	
1417.941	8.31944274902344	5.0708984375	1.640625	
1418.469	7.92327880859375	5.0708984375	1.5625	
1418.997	8.71527099609375	5.070703125	1.71875	
1419.525	7.12985229492188	5.0701171875	1.40625	
1420.055	8.51588439941406	5.069921875	1.6796875	
1420.581	8.71392822265625	5.069921875	1.71875	
1421.109	8.51588439941406	5.069921875	1.6796875	
1421.637	8.91162872314453	5.0697265625	1.7578125	
1422.165	9.30805969238281	5.069921875	1.8359375	
1422.693	9.70414733886719	5.069921875	1.9140625	
1423.221	8.714599609375	5.0703125	1.71875	
1423.749	8.31784057617188	5.069921875	1.640625	
1424.278	8.7132568359375	5.06953125	1.71875	
1424.805	9.11036682128906	5.0701171875	1.796875	
1425.333	8.51588439941406	5.069921875	1.6796875	
1425.861	8.91197204589844	5.069921875	1.7578125	
1426.389	8.71392822265625	5.069921875	1.71875	
1426.917	8.91059875488281	5.069140625	1.7578125	
1427.445	8.51457214355469	5.069140625	1.6796875	
1427.973	8.11917114257813	5.06953125	1.6015625	
1428.501	8.7159423828125	5.07109375	1.71875	
1429.029	9.11282348632813	5.071484375	1.796875	
1429.556	8.91643524169922	5.0724609375	1.7578125	
1430.085	8.72198486328125	5.074609375	1.71875	
1430.613	9.12054443359375	5.07578125	1.796875	
1431.143	8.92364501953125	5.0765625	1.7578125	
1431.669	8.32969665527344	5.0771484375	1.640625	
1432.196	9.124755859375	5.078125	1.796875	
1432.725	9.12615966796875	5.07890625	1.796875	
1433.253	8.93016815185547	5.0802734375	1.7578125	
1433.781	9.13177490234375	5.08203125	1.796875	
1434.308	8.93394470214844	5.082421875	1.7578125	
1434.836	8.13981628417969	5.082421875	1.6015625	
1435.364	8.3389892578125	5.0828125	1.640625	
1435.892	9.531005859375	5.083203125	1.875	
1436.421	8.93531799316406	5.083203125	1.7578125	
1436.948	9.33172607421875	5.0828125	1.8359375	
1437.476	7.74334716796875	5.0828125	1.5234375	
1438.004	9.13247680664063	5.082421875	1.796875	
1438.532	8.33834838867188	5.082421875	1.640625	
1439.061	9.13142395019531	5.0818359375	1.796875	
1439.588	8.73406982421875	5.081640625	1.71875	
1440.116	8.93222808837891	5.0814453125	1.7578125	
1440.644	8.13700103759766	5.0806640625	1.6015625	
1441.172	7.34314727783203	5.0806640625	1.4453125	
1441.701	8.73171997070313	5.0802734375	1.71875	
1442.231	8.73138427734375	5.080078125	1.71875	
1442.756	8.13574981689453	5.0798828125	1.6015625	
1443.285	8.33450317382813	5.080078125	1.640625	
1443.812	8.13668823242188	5.08046875	1.6015625	
1444.34	8.33578491210938	5.080859375	1.640625	
1444.868	8.534912109375	5.08125	1.6796875	
1445.397	9.13072204589844	5.0814453125	1.796875	
1445.924	7.54306030273438	5.081640625	1.484375	
1446.452	8.93257141113281	5.081640625	1.7578125	
1446.981	8.33738708496094	5.0818359375	1.640625	
1447.508	8.93360137939453	5.0822265625	1.7578125	
1448.036	8.73507690429688	5.0822265625	1.71875	
1448.565	8.73541259765625	5.082421875	1.71875	
1449.092	8.73541259765625	5.082421875	1.71875	
1449.62	8.73541259765625	5.082421875	1.71875	
1450.148	8.73541259765625	5.082421875	1.71875	
1450.676	8.53556823730469	5.081640625	1.6796875	
1451.204	9.32957458496094	5.081640625	1.8359375	
1451.732	8.33642578125	5.08125	1.640625	
1452.26	8.73272705078125	5.080859375	1.71875	
1452.788	8.93085479736328	5.0806640625	1.7578125	
1453.319	8.33546447753906	5.0806640625	1.640625	
1453.844	8.93085479736328	5.0806640625	1.7578125	
1454.373	8.13574981689453	5.0798828125	1.6015625	
1454.9	7.93701171875	5.0796875	1.5625	
1455.428	8.73171997070313	5.0802734375	1.71875	
1455.956	9.12791442871094	5.0798828125	1.796875	
1456.485	9.5255126953125	5.0802734375	1.875	
1457.013	7.93853759765625	5.0806640625	1.5625	
1457.541	8.33354187011719	5.0794921875	1.640625	
1458.069	7.73858642578125	5.0796875	1.5234375	
1458.597	8.3338623046875	5.0796875	1.640625	
1459.125	8.33482360839844	5.0802734375	1.640625	
1459.653	7.73888397216797	5.0798828125	1.5234375	
1460.181	9.32742309570313	5.08046875	1.8359375	
1460.71	8.53425598144531	5.080859375	1.6796875	
1461.237	8.73306274414063	5.0810546875	1.71875	
1461.765	7.740966796875	5.08125	1.5234375	
1462.293	9.13037109375	5.08125	1.796875	
1462.821	8.534912109375	5.08125	1.6796875	
1463.349	8.931884765625	5.08125	1.7578125	
1463.877	8.73306274414063	5.0810546875	1.71875	
1464.407	8.53458404541016	5.0810546875	1.6796875	
1464.933	8.53359985351563	5.08046875	1.6796875	
1465.461	8.53261566162109	5.0798828125	1.6796875	
1465.989	8.13606262207031	5.080078125	1.6015625	
1466.517	8.53327178955078	5.0802734375	1.6796875	
1467.045	8.73138427734375	5.080078125	1.71875	
1467.573	8.92879486083984	5.0794921875	1.7578125	
1468.101	8.92776489257813	5.07890625	1.7578125	
1468.628	8.92673492431641	5.0783203125	1.7578125	
1469.157	8.52933502197266	5.0779296875	1.6796875	
1469.685	8.52835083007813	5.07734375	1.6796875	
1470.212	8.33001708984375	5.07734375	1.640625	
1470.741	8.32905578613281	5.0767578125	1.640625	
1471.269	7.93304443359375	5.0771484375	1.5625	
1471.797	8.52802276611328	5.0771484375	1.6796875	
1472.324	7.93243408203125	5.0767578125	1.5625	
1472.852	8.13043212890625	5.0765625	1.6015625	
1473.381	7.5355224609375	5.0765625	1.484375	
1473.909	8.72433471679688	5.0759765625	1.71875	
1474.437	9.12054443359375	5.07578125	1.796875	
1474.964	9.11949157714844	5.0751953125	1.796875	
1475.495	8.12855529785156	5.075390625	1.6015625	
1476.02	8.72232055664063	5.0748046875	1.71875	
1476.548	8.32489013671875	5.07421875	1.640625	
1477.076	8.32489013671875	5.07421875	1.640625	
1477.604	7.92816162109375	5.0740234375	1.5625	
1478.132	7.9290771484375	5.074609375	1.5625	
1478.661	8.52539825439453	5.0755859375	1.6796875	
1479.189	9.11949157714844	5.0751953125	1.796875	
1479.716	8.52539825439453	5.0755859375	1.6796875	
1480.242	7.9296875	5.075	1.5625	
1480.766	8.326171875	5.075	1.640625	
1481.293	7.92938232421875	5.0748046875	1.5625	
1481.82	8.52408599853516	5.0748046875	1.6796875	
1482.348	7.33411407470703	5.0744140625	1.4453125	
1482.876	7.53291320800781	5.0748046875	1.484375	
1483.405	7.92877197265625	5.0744140625	1.5625	
1483.932	7.73025512695313	5.07421875	1.5234375	
1484.46	7.33439636230469	5.074609375	1.4453125	
1484.988	7.92694091796875	5.0732421875	1.5625	
1485.516	8.52113342285156	5.073046875	1.6796875	
1486.044	8.12386322021484	5.0724609375	1.6015625	
1486.575	8.12511444091797	5.0732421875	1.6015625	
1487.1	7.52943420410156	5.0724609375	1.484375	
1487.628	8.5191650390625	5.071875	1.6796875	
1488.156	7.9254150390625	5.072265625	1.5625	
1488.684	8.32072448730469	5.0716796875	1.640625	
1489.212	6.73530578613281	5.0712890625	1.328125	
1489.74	7.13067626953125	5.070703125	1.40625	
1490.268	8.3184814453125	5.0703125	1.640625	
1490.796	6.93260192871094	5.070703125	1.3671875	
1491.324	7.72489929199219	5.070703125	1.5234375	
1491.852	7.72489929199219	5.070703125	1.5234375	
1492.38	7.130126953125	5.0703125	1.40625	
1492.908	6.93180084228516	5.0701171875	1.3671875	
1493.436	7.92205810546875	5.0701171875	1.5625	
1493.964	8.51522827148438	5.06953125	1.6796875	
1494.492	7.52566528320313	5.069921875	1.484375	
1495.02	8.3184814453125	5.0703125	1.640625	
1495.548	8.12261199951172	5.0716796875	1.6015625	
1496.076	7.72698211669922	5.0720703125	1.5234375	
1496.604	7.33100891113281	5.072265625	1.4453125	
1497.132	7.72936248779297	5.0736328125	1.5234375	
1497.662	7.928466796875	5.07421875	1.5625	
1498.188	7.9302978515625	5.075390625	1.5625	
1498.716	8.33033752441406	5.0775390625	1.640625	
1499.245	7.53842163085938	5.078515625	1.484375	
1499.772	7.1422119140625	5.07890625	1.40625	
1500.3	8.33322143554688	5.079296875	1.640625	
1500.828	7.73918151855469	5.080078125	1.5234375	
1501.356	8.33578491210938	5.080859375	1.640625	
1501.881	7.939453125	5.08125	1.5625	
1502.408	6.94728851318359	5.0814453125	1.3671875	
1502.936	7.74126434326172	5.0814453125	1.5234375	
1503.464	6.94728851318359	5.0814453125	1.3671875	
1503.992	7.54277038574219	5.0814453125	1.484375	
1504.52	7.54248046875	5.08125	1.484375	
1505.048	7.54161071777344	5.0806640625	1.484375	
1505.576	7.14578247070313	5.0814453125	1.40625	
1506.104	7.9388427734375	5.080859375	1.5625	
1506.631	7.54219055175781	5.0810546875	1.484375	
1507.16	7.54248046875	5.08125	1.484375	
1507.688	8.53458404541016	5.0810546875	1.6796875	
1508.216	8.33610534667969	5.0810546875	1.640625	
1508.746	7.14523315429688	5.0810546875	1.40625	
1509.271	6.54954528808594	5.080859375	1.2890625	
1509.8	7.54190063476563	5.080859375	1.484375	
1510.328	7.14468383789063	5.0806640625	1.40625	
1510.855	6.74749755859375	5.08046875	1.328125	
1511.383	6.74749755859375	5.08046875	1.328125	
1511.912	7.73947906494141	5.0802734375	1.5234375	
1512.439	7.34286499023438	5.08046875	1.4453125	
1512.967	7.54103088378906	5.0802734375	1.484375	
1513.495	7.34201812744141	5.0798828125	1.4453125	
1514.023	7.73918151855469	5.080078125	1.5234375	
1514.551	7.74156188964844	5.081640625	1.5234375	
1515.079	7.74156188964844	5.081640625	1.5234375	
1515.608	8.53622436523438	5.08203125	1.6796875	
1516.137	8.33738708496094	5.0818359375	1.640625	
1516.665	7.9400634765625	5.081640625	1.5625	
1517.193	7.54364013671875	5.08203125	1.484375	
1517.721	7.34455871582031	5.081640625	1.4453125	
1518.249	7.14633178710938	5.0818359375	1.40625	
1518.777	7.74185943603516	5.0818359375	1.5234375	
1519.304	7.54364013671875	5.08203125	1.484375	
1519.835	7.74185943603516	5.0818359375	1.5234375	
1520.361	7.54364013671875	5.08203125	1.484375	
1520.889	7.94097900390625	5.0822265625	1.5625	
1521.416	7.34455871582031	5.081640625	1.4453125	
1521.945	6.94728851318359	5.0814453125	1.3671875	
1522.473	8.13825225830078	5.0814453125	1.6015625	
1523	7.343994140625	5.08125	1.4453125	
1523.528	6.94648742675781	5.080859375	1.3671875	
1524.056	7.93914794921875	5.0810546875	1.5625	
1524.585	7.9388427734375	5.080859375	1.5625	
1525.112	8.33578491210938	5.080859375	1.640625	
1525.641	7.54277038574219	5.0814453125	1.484375	
1526.169	7.147705078125	5.0828125	1.40625	
1526.696	7.54450988769531	5.0826171875	1.484375	
1527.224	8.3389892578125	5.0828125	1.640625	
1527.753	7.54566955566406	5.0833984375	1.484375	
1528.28	7.34907531738281	5.084765625	1.4453125	
1528.808	8.14356994628906	5.084765625	1.6015625	
1529.336	7.54769897460938	5.084765625	1.484375	
1529.864	7.54769897460938	5.084765625	1.484375	
1530.392	7.34963989257813	5.08515625	1.4453125	
1530.923	6.95316314697266	5.0857421875	1.3671875	
1531.448	6.95503234863281	5.087109375	1.3671875	
1531.976	7.15402221679688	5.0873046875	1.40625	
1532.504	6.75709533691406	5.0876953125	1.328125	
1533.032	7.75167846679688	5.08828125	1.5234375	
1533.56	8.34988403320313	5.089453125	1.640625	
1534.089	7.9522705078125	5.089453125	1.5625	
1534.616	8.15107727050781	5.089453125	1.6015625	
1535.144	6.56137847900391	5.0900390625	1.2890625	
1535.672	7.55610656738281	5.0904296875	1.484375	
1536.205	7.55668640136719	5.0908203125	1.484375	
1536.728	8.15420532226563	5.09140625	1.6015625	
1537.256	7.75673675537109	5.0916015625	1.5234375	
1537.784	7.35895538330078	5.0916015625	1.4453125	
1538.312	7.16006469726563	5.0916015625	1.40625	
1538.84	6.76176452636719	5.0912109375	1.328125	
1539.368	7.35839080810547	5.0912109375	1.4453125	
1539.896	7.35782623291016	5.0908203125	1.4453125	
1540.424	7.55610656738281	5.0904296875	1.484375	
1540.952	7.55610656738281	5.0904296875	1.484375	
1541.48	6.76020812988281	5.0900390625	1.328125	
1542.01	7.9522705078125	5.089453125	1.5625	
1542.536	7.35613250732422	5.0896484375	1.4453125	
1543.064	6.75942993164063	5.089453125	1.328125	
1543.592	7.75316619873047	5.0892578125	1.5234375	
1544.12	7.55436706542969	5.0892578125	1.484375	
1544.648	7.35528564453125	5.0890625	1.4453125	
1545.176	7.75257110595703	5.0888671875	1.5234375	
1545.704	7.35500335693359	5.0888671875	1.4453125	
1546.232	7.95074462890625	5.0884765625	1.5625	
1546.76	7.15567016601563	5.0884765625	1.40625	
1547.288	7.35443878173828	5.0884765625	1.4453125	
1547.82	7.75197601318359	5.0884765625	1.5234375	
1548.344	8.34828186035156	5.0884765625	1.640625	
1548.872	7.35415649414063	5.08828125	1.4453125	
1549.4	6.95663452148438	5.08828125	1.3671875	
1549.928	6.75813293457031	5.0884765625	1.328125	
1550.456	6.95663452148438	5.08828125	1.3671875	
1550.984	7.35415649414063	5.08828125	1.4453125	
1551.512	7.35443878173828	5.0884765625	1.4453125	
1552.04	7.55204772949219	5.0876953125	1.484375	
1552.567	7.35302734375	5.0875	1.4453125	
1553.098	7.35302734375	5.0875	1.4453125	
1553.624	7.55117797851563	5.087109375	1.484375	
1554.152	6.95476531982422	5.0869140625	1.3671875	
1554.68	7.35161590576172	5.0865234375	1.4453125	
1555.208	7.15374755859375	5.087109375	1.40625	
1555.736	7.9473876953125	5.086328125	1.5625	
1556.264	8.14607238769531	5.086328125	1.6015625	
1556.792	7.9473876953125	5.086328125	1.5625	
1557.319	7.9486083984375	5.087109375	1.5625	
1557.848	7.15402221679688	5.0873046875	1.40625	
1558.375	7.35387420654297	5.0880859375	1.4453125	
1558.903	7.35500335693359	5.0888671875	1.4453125	
1559.431	7.35500335693359	5.0888671875	1.4453125	
1559.96	7.75316619873047	5.0892578125	1.5234375	
1560.488	6.56062316894531	5.089453125	1.2890625	
1561.015	7.556396484375	5.090625	1.484375	
1561.543	7.7552490234375	5.090625	1.5234375	
1562.072	6.76176452636719	5.0912109375	1.328125	
1562.599	7.35951995849609	5.0919921875	1.4453125	
1563.127	6.96250915527344	5.092578125	1.3671875	
1563.655	7.36036682128906	5.092578125	1.4453125	
1564.185	7.75852203369141	5.0927734375	1.5234375	
1564.712	7.16171264648438	5.0927734375	1.40625	
1565.239	6.56540679931641	5.0931640625	1.2890625	
1565.767	7.75941467285156	5.093359375	1.5234375	
1566.295	7.16336059570313	5.0939453125	1.40625	
1566.823	7.56219482421875	5.09453125	1.484375	
1567.352	6.76669311523438	5.094921875	1.328125	
1567.879	7.16583251953125	5.095703125	1.40625	
1568.407	8.16171264648438	5.09609375	1.6015625	
1568.935	7.96417236328125	5.0970703125	1.5625	
1569.463	7.36798858642578	5.0978515625	1.4453125	
1569.991	7.16940307617188	5.0982421875	1.40625	
1570.519	6.57245635986328	5.0986328125	1.2890625	
1571.047	7.76715087890625	5.0984375	1.5234375	
1571.575	7.76685333251953	5.0982421875	1.5234375	
1572.106	7.76655578613281	5.098046875	1.5234375	
1572.631	7.56683349609375	5.09765625	1.484375	
1573.159	7.56683349609375	5.09765625	1.484375	
1573.687	6.57094573974609	5.0974609375	1.2890625	
1574.215	7.36770629882813	5.09765625	1.4453125	
1574.743	7.56596374511719	5.0970703125	1.484375	
1575.274	7.56625366210938	5.097265625	1.484375	
1575.799	8.16421508789063	5.09765625	1.6015625	
1576.328	6.7713623046875	5.0984375	1.328125	
1576.856	6.17436218261719	5.098828125	1.2109375	
1577.384	6.97158813476563	5.09921875	1.3671875	
1577.912	7.17160034179688	5.0998046875	1.40625	
1578.44	6.97292327880859	5.1001953125	1.3671875	
1578.968	7.57118225097656	5.1005859375	1.484375	
1579.496	6.97505950927734	5.1017578125	1.3671875	
1580.024	7.37391662597656	5.101953125	1.4453125	
1580.552	7.57321166992188	5.101953125	1.484375	
1581.08	7.174072265625	5.1015625	1.40625	
1581.605	6.376953125	5.1015625	1.25	
1582.132	6.77473449707031	5.1009765625	1.328125	
1582.659	7.77042388916016	5.1005859375	1.5234375	
1583.188	6.97345733642578	5.1005859375	1.3671875	
1583.716	7.17214965820313	5.1001953125	1.40625	
1584.241	7.37109375	5.1	1.4453125	
1584.767	6.97185516357422	5.0994140625	1.3671875	
1585.296	7.56973266601563	5.099609375	1.484375	
1585.824	8.16734313964844	5.099609375	1.6015625	
1586.354	8.36590576171875	5.09921875	1.640625	
1586.88	7.17105102539063	5.0994140625	1.40625	
1587.408	6.77162170410156	5.0986328125	1.328125	
1587.936	7.169677734375	5.0984375	1.40625	
1588.463	7.16912841796875	5.098046875	1.40625	
1588.991	7.76566314697266	5.0974609375	1.5234375	
1589.52	6.96918487548828	5.0974609375	1.3671875	
1590.048	7.16775512695313	5.0970703125	1.40625	
1590.575	6.769287109375	5.096875	1.328125	
1591.104	7.36629486083984	5.0966796875	1.4453125	
1591.631	6.56968688964844	5.096484375	1.2890625	
1592.159	6.96651458740234	5.0955078125	1.3671875	
1592.688	7.1663818359375	5.09609375	1.40625	
1593.215	7.76387786865234	5.0962890625	1.5234375	
1593.743	7.56480407714844	5.0962890625	1.484375	
1594.272	6.96865081787109	5.0970703125	1.3671875	
1594.799	7.16775512695313	5.0970703125	1.40625	
1595.327	6.371826171875	5.0974609375	1.25	
1595.855	6.96918487548828	5.0974609375	1.3671875	
1596.383	7.16830444335938	5.0974609375	1.40625	
1596.911	6.77058410644531	5.0978515625	1.328125	
1597.442	7.56828308105469	5.0986328125	1.484375	
1597.968	7.17022705078125	5.098828125	1.40625	
1598.495	6.97105407714844	5.098828125	1.3671875	
1599.023	7.36940002441406	5.098828125	1.4453125	
1599.551	7.169677734375	5.0984375	1.40625	
1600.079	7.5679931640625	5.0984375	1.484375	
1600.607	7.36883544921875	5.0984375	1.4453125	
1601.135	6.7713623046875	5.0984375	1.328125	
1601.663	6.57195281982422	5.0982421875	1.2890625	
1602.191	6.57195281982422	5.0982421875	1.2890625	
1602.719	6.57170104980469	5.098046875	1.2890625	
1603.248	5.97381591796875	5.09765625	1.171875	
1603.775	6.77058410644531	5.0978515625	1.328125	
1604.303	7.36798858642578	5.0978515625	1.4453125	
1604.831	6.96971893310547	5.0978515625	1.3671875	
1605.359	7.36742401123047	5.0974609375	1.4453125	
1605.887	7.36742401123047	5.0974609375	1.4453125	
1606.415	7.36714172363281	5.097265625	1.4453125	
1606.94	6.37109375	5.096875	1.25	
1607.467	7.16720581054688	5.0966796875	1.40625	
1607.995	7.56538391113281	5.0966796875	1.484375	
1608.525	7.16775512695313	5.0970703125	1.40625	
1609.051	7.56538391113281	5.0966796875	1.484375	
1609.579	8.16265106201172	5.0966796875	1.6015625	
1610.107	7.16720581054688	5.0966796875	1.40625	
1610.635	7.16720581054688	5.0966796875	1.40625	
1611.163	7.36629486083984	5.0966796875	1.4453125	
1611.691	6.96758270263672	5.0962890625	1.3671875	
1612.219	7.965087890625	5.09765625	1.5625	
1612.747	6.372314453125	5.0978515625	1.25	
1613.275	7.16912841796875	5.098046875	1.40625	
1613.803	6.77084350585938	5.098046875	1.328125	
1614.331	6.77058410644531	5.0978515625	1.328125	
1614.859	6.57144927978516	5.0978515625	1.2890625	
1615.387	7.76566314697266	5.0974609375	1.5234375	
1615.915	7.16830444335938	5.0974609375	1.40625	
1616.443	7.1685791015625	5.09765625	1.40625	
1616.971	7.36742401123047	5.0974609375	1.4453125	
1617.499	7.16802978515625	5.097265625	1.40625	
1618.027	7.36742401123047	5.0974609375	1.4453125	
1618.555	7.56683349609375	5.09765625	1.484375	
1619.083	6.371337890625	5.0970703125	1.25	
1619.613	7.16885375976563	5.0978515625	1.40625	
1620.138	7.56625366210938	5.097265625	1.484375	
1620.667	7.76596069335938	5.09765625	1.5234375	
1621.195	6.57170104980469	5.098046875	1.2890625	
1621.723	6.77058410644531	5.0978515625	1.328125	
1622.251	6.97052001953125	5.0984375	1.3671875	
1622.778	7.1707763671875	5.09921875	1.40625	
1623.307	6.37353515625	5.098828125	1.25	
1623.835	7.36968231201172	5.0990234375	1.4453125	
1624.362	7.17105102539063	5.0994140625	1.40625	
1624.89	5.97564697265625	5.09921875	1.171875	
1625.419	6.97185516357422	5.0994140625	1.3671875	
1625.946	6.97185516357422	5.0994140625	1.3671875	
1626.475	6.97158813476563	5.09921875	1.3671875	
1627.002	7.36996459960938	5.09921875	1.4453125	
1627.53	7.17105102539063	5.0994140625	1.40625	
1628.059	6.97479248046875	5.1015625	1.3671875	
1628.587	6.377197265625	5.1017578125	1.25	
1629.114	7.17434692382813	5.1017578125	1.40625	
1629.642	6.57648468017578	5.1017578125	1.2890625	
1630.17	6.97479248046875	5.1015625	1.3671875	
1630.701	6.57648468017578	5.1017578125	1.2890625	
1631.226	7.17434692382813	5.1017578125	1.40625	
1631.754	7.37335205078125	5.1015625	1.4453125	
1632.282	7.37335205078125	5.1015625	1.4453125	
1632.81	6.97479248046875	5.1015625	1.3671875	
1633.339	6.7755126953125	5.1015625	1.328125	
1633.866	6.376708984375	5.1013671875	1.25	
1634.394	6.57698822021484	5.1021484375	1.2890625	
1634.919	6.3798828125	5.10390625	1.25	
1635.443	6.380859375	5.1046875	1.25	
1635.97	6.58126831054688	5.10546875	1.2890625	
1636.499	6.97986602783203	5.1052734375	1.3671875	
1637.027	7.37871551513672	5.1052734375	1.4453125	
1637.555	7.17874145507813	5.1048828125	1.40625	
1638.083	5.98159790039063	5.104296875	1.171875	
1638.611	7.17764282226563	5.1041015625	1.40625	
1639.139	6.77836608886719	5.1037109375	1.328125	
1639.667	7.57553100585938	5.103515625	1.484375	
1640.195	6.77732849121094	5.1029296875	1.328125	
1640.723	6.57799530029297	5.1029296875	1.2890625	
1641.251	6.97639465332031	5.102734375	1.3671875	
1641.783	7.17544555664063	5.1025390625	1.40625	
1642.304	6.3779296875	5.10234375	1.25	
1642.832	6.77603149414063	5.101953125	1.328125	
1643.359	6.97479248046875	5.1015625	1.3671875	
1643.884	6.376953125	5.1015625	1.25	
1644.411	6.377197265625	5.1017578125	1.25	
1644.939	6.7755126953125	5.1015625	1.328125	
1645.467	6.77577209472656	5.1017578125	1.328125	
1645.995	6.376708984375	5.1013671875	1.25	
1646.523	6.57522583007813	5.10078125	1.2890625	
1647.051	6.77369689941406	5.1001953125	1.328125	
1647.579	7.37137603759766	5.1001953125	1.4453125	
1648.107	6.97292327880859	5.1001953125	1.3671875	
1648.635	6.17459869384766	5.0990234375	1.2109375	
1649.163	6.77214050292969	5.0990234375	1.328125	
1649.691	6.77188110351563	5.098828125	1.328125	
1650.219	6.96971893310547	5.0978515625	1.3671875	
1650.747	6.37255859375	5.098046875	1.25	
1651.275	6.372314453125	5.0978515625	1.25	
1651.803	7.36798858642578	5.0978515625	1.4453125	
1652.328	6.3720703125	5.09765625	1.25	
1652.857	6.17247009277344	5.097265625	1.2109375	
1653.382	5.97312927246094	5.0970703125	1.171875	
1653.91	6.96811676025391	5.0966796875	1.3671875	
1654.439	6.370849609375	5.0966796875	1.25	
1654.964	6.37109375	5.096875	1.25	
1655.491	5.77424621582031	5.097265625	1.1328125	
1656.019	5.57513427734375	5.097265625	1.09375	
1656.547	5.97312927246094	5.0970703125	1.171875	
1657.074	5.77402496337891	5.0970703125	1.1328125	
1657.602	6.76980590820313	5.097265625	1.328125	
1658.13	6.17223358154297	5.0970703125	1.2109375	
1658.659	6.17270660400391	5.0974609375	1.2109375	
1659.183	6.3720703125	5.09765625	1.25	
1659.711	6.77084350585938	5.098046875	1.328125	
1660.238	7.56741333007813	5.098046875	1.484375	
1660.766	5.77579498291016	5.0986328125	1.1328125	
1661.294	6.17412567138672	5.0986328125	1.2109375	
1661.822	6.57245635986328	5.0986328125	1.2890625	
1662.35	6.77110290527344	5.0982421875	1.328125	
1662.878	5.97450256347656	5.0982421875	1.171875	
1663.406	7.5679931640625	5.0984375	1.484375	
1663.937	6.17459869384766	5.0990234375	1.2109375	
1664.462	6.57321166992188	5.09921875	1.2890625	
1664.99	6.97238922119141	5.0998046875	1.3671875	
1665.518	6.97238922119141	5.0998046875	1.3671875	
1666.047	6.97212219238281	5.099609375	1.3671875	
1666.574	7.17160034179688	5.0998046875	1.40625	
1667.102	6.17601776123047	5.1001953125	1.2109375	
1667.63	6.77577209472656	5.1017578125	1.328125	
1668.155	6.3779296875	5.10234375	1.25	
1668.682	6.17909240722656	5.102734375	1.2109375	
1669.21	6.57799530029297	5.1029296875	1.2890625	
1669.738	6.97666168212891	5.1029296875	1.3671875	
1670.266	6.57849884033203	5.1033203125	1.2890625	
1670.794	6.57849884033203	5.1033203125	1.2890625	
1671.322	6.777587890625	5.103125	1.328125	
1671.85	6.77810668945313	5.103515625	1.328125	
1672.378	5.98068237304688	5.103515625	1.171875	
1672.906	6.18051147460938	5.10390625	1.2109375	
1673.434	6.77888488769531	5.1041015625	1.328125	
1673.962	6.380126953125	5.1041015625	1.25	
1674.491	6.78070068359375	5.10546875	1.328125	
1675.02	5.98365783691406	5.1060546875	1.171875	
1675.546	6.58277893066406	5.106640625	1.2890625	
1676.074	6.98360443115234	5.1080078125	1.3671875	
1676.602	6.18595123291016	5.1083984375	1.2109375	
1677.13	6.18618774414063	5.10859375	1.2109375	
1677.658	6.58831787109375	5.1109375	1.2890625	
1678.186	6.59033203125	5.1125	1.2890625	
1678.714	6.59209442138672	5.1138671875	1.2890625	
1679.242	5.99258422851563	5.113671875	1.171875	
1679.77	6.59159088134766	5.1134765625	1.2890625	
1680.298	6.59108734130859	5.1130859375	1.2890625	
1680.826	6.390869140625	5.1126953125	1.25	
1681.354	6.390869140625	5.1126953125	1.25	
1681.882	5.99143981933594	5.1126953125	1.171875	
1682.41	6.79081726074219	5.1130859375	1.328125	
1682.938	6.59159088134766	5.1134765625	1.2890625	
1683.466	5.59307861328125	5.113671875	1.09375	
1683.993	5.9930419921875	5.1140625	1.171875	
1684.522	5.79305267333984	5.1138671875	1.1328125	
1685.05	6.59234619140625	5.1140625	1.2890625	
1685.578	5.9930419921875	5.1140625	1.171875	
1686.108	5.59329223632813	5.1138671875	1.09375	
1686.634	6.59209442138672	5.1138671875	1.2890625	
1687.162	5.99235534667969	5.1134765625	1.171875	
1687.69	6.59083557128906	5.112890625	1.2890625	
1688.215	6.390625	5.1125	1.25	
1688.742	5.59158325195313	5.1123046875	1.09375	
1689.267	6.3896484375	5.11171875	1.25	
1689.794	6.18902587890625	5.1109375	1.2109375	
1690.322	6.387939453125	5.1103515625	1.25	
1690.85	5.58944702148438	5.1103515625	1.09375	
1691.377	6.387451171875	5.1099609375	1.25	
1691.903	6.38671875	5.109375	1.25	
1692.43	6.9854736328125	5.109375	1.3671875	
1692.957	5.98823547363281	5.1099609375	1.171875	
1693.486	7.18478393554688	5.1091796875	1.40625	
1694.013	5.98686218261719	5.1087890625	1.171875	
1694.541	6.18595123291016	5.1083984375	1.2109375	
1695.069	6.58504486083984	5.1083984375	1.2890625	
1695.597	6.38623046875	5.108984375	1.25	
1696.126	5.78752136230469	5.108984375	1.1328125	
1696.654	5.98663330078125	5.10859375	1.171875	
1697.184	5.98686218261719	5.1087890625	1.171875	
1697.711	6.38623046875	5.108984375	1.25	
1698.238	5.98777770996094	5.1095703125	1.171875	
1698.766	5.98846435546875	5.11015625	1.171875	
1699.294	5.98846435546875	5.11015625	1.171875	
1699.822	6.98814392089844	5.111328125	1.3671875	
1700.35	6.78848266601563	5.111328125	1.328125	
1700.878	6.58907318115234	5.1115234375	1.2890625	
1701.406	6.38916015625	5.111328125	1.25	
1701.934	6.388916015625	5.1111328125	1.25	
1702.462	6.58831787109375	5.1109375	1.2890625	
1702.99	6.58806610107422	5.1107421875	1.2890625	
1703.518	6.98894500732422	5.1119140625	1.3671875	
1704.046	6.18973541259766	5.1115234375	1.2109375	
1704.571	6.3896484375	5.11171875	1.25	
1705.098	5.99052429199219	5.1119140625	1.171875	
1705.626	6.18973541259766	5.1115234375	1.2109375	
1706.151	6.3896484375	5.11171875	1.25	
1706.678	6.389404296875	5.1115234375	1.25	
1707.206	5.19119262695313	5.111328125	1.015625	
1707.734	5.98960876464844	5.1111328125	1.171875	
1708.262	5.58966064453125	5.110546875	1.09375	
1708.792	5.38961791992188	5.11015625	1.0546875	
1709.318	5.38961791992188	5.11015625	1.0546875	
1709.846	5.38961791992188	5.11015625	1.0546875	
1710.374	5.59030151367188	5.1111328125	1.09375	
1710.902	5.39126586914063	5.11171875	1.0546875	
1711.43	5.39147186279297	5.1119140625	1.0546875	
1711.958	4.59291076660156	5.112109375	0.8984375	
1712.486	5.59115600585938	5.1119140625	1.09375	
1713.014	5.79106140136719	5.112109375	1.1328125	
1713.542	4.59308624267578	5.1123046875	0.8984375	
1714.07	5.19258117675781	5.1126953125	1.015625	
1714.598	4.99267578125	5.1125	0.9765625	
1715.129	5.79150390625	5.1125	1.1328125	
1715.654	6.19044494628906	5.112109375	1.2109375	
1716.182	5.39147186279297	5.1119140625	1.0546875	
1716.71	4.79205322265625	5.1115234375	0.9375	
1717.237	4.79278564453125	5.1123046875	0.9375	
1717.766	5.39270782470703	5.1130859375	1.0546875	
1718.294	5.19277954101563	5.112890625	1.015625	
1718.822	5.59243774414063	5.1130859375	1.09375	
1719.349	5.19436645507813	5.114453125	1.015625	
1719.88	6.59335327148438	5.11484375	1.2890625	
1720.406	5.195556640625	5.115625	1.015625	
1720.934	5.79637145996094	5.116796875	1.1328125	
1721.461	5.19674682617188	5.116796875	1.015625	
1721.989	5.1971435546875	5.1171875	1.015625	
1722.518	4.99763488769531	5.117578125	0.9765625	
1723.046	4.39842224121094	5.1181640625	0.859375	
1723.574	4.998779296875	5.11875	0.9765625	
1724.101	5.19972229003906	5.1197265625	1.015625	
1724.629	4.40010070800781	5.1201171875	0.859375	
1725.157	6.00059509277344	5.1205078125	1.171875	
1725.686	5.60183715820313	5.1216796875	1.09375	
1726.213	5.40238952636719	5.122265625	1.0546875	
1726.741	5.60247802734375	5.122265625	1.09375	
1727.271	5.201904296875	5.121875	1.015625	
1727.797	4.6016845703125	5.121875	0.8984375	
1728.325	4.6016845703125	5.121875	0.8984375	
1728.853	5.00164031982422	5.1216796875	0.9765625	
1729.381	5.20130920410156	5.1212890625	1.015625	
1729.909	4.80157470703125	5.1216796875	0.9375	
1730.438	5.20170593261719	5.1216796875	1.015625	
1730.968	5.00221252441406	5.122265625	0.9765625	
1731.493	5.00259399414063	5.12265625	0.9765625	
1732.021	4.20249938964844	5.123046875	0.8203125	
1732.549	5.40362548828125	5.1234375	1.0546875	
1733.077	5.40424346923828	5.1240234375	1.0546875	
1733.605	5.40444946289063	5.12421875	1.0546875	
1734.133	4.40412902832031	5.1248046875	0.859375	
1734.661	4.60484313964844	5.125390625	0.8984375	
1735.189	5.60675048828125	5.126171875	1.09375	
1735.717	4.80596923828125	5.1263671875	0.9375	
1736.245	5.80743408203125	5.1265625	1.1328125	
1736.773	4.40530395507813	5.126171875	0.859375	
1737.301	4.8057861328125	5.126171875	0.9375	
1737.829	5.20547485351563	5.125390625	1.015625	
1738.357	5.80632781982422	5.1255859375	1.1328125	
1738.885	4.8050537109375	5.125390625	0.9375	
1739.413	5.60568237304688	5.1251953125	1.09375	
1739.941	5.20606994628906	5.1259765625	1.015625	
1740.469	4.80615234375	5.1265625	0.9375	
1740.997	4.60642242431641	5.1271484375	0.8984375	
1741.525	4.80743408203125	5.1279296875	0.9375	
1742.055	4.8072509765625	5.127734375	0.9375	
1742.582	4.20602416992188	5.12734375	0.8203125	
1743.109	5.00698089599609	5.1271484375	0.9765625	
1743.637	5.20706176757813	5.126953125	1.015625	
1744.166	4.60607147216797	5.1267578125	0.8984375	
1744.693	5.20646667480469	5.1263671875	1.015625	
1745.221	4.80615234375	5.1265625	0.9375	
1745.749	5.00602722167969	5.126171875	0.9765625	
1746.277	4.20490264892578	5.1259765625	0.8203125	
1746.805	5.00583648681641	5.1259765625	0.9765625	
1747.333	4.80523681640625	5.1255859375	0.9375	
1747.861	4.80560302734375	5.1259765625	0.9375	
1748.389	5.00526428222656	5.125390625	0.9765625	
1748.917	5.40568542480469	5.125390625	1.0546875	
1749.445	4.40480041503906	5.1255859375	0.859375	
1749.973	5.40609741210938	5.12578125	1.0546875	
1750.501	5.60589599609375	5.125390625	1.09375	
1751.029	6.00631713867188	5.125390625	1.171875	
1751.557	5.20527648925781	5.1251953125	1.015625	
1752.085	5.40506744384766	5.1248046875	1.0546875	
1752.613	5.00431060791016	5.1244140625	0.9765625	
1753.143	4.80413818359375	5.1244140625	0.9375	
1753.669	5.20368957519531	5.1236328125	1.015625	
1754.197	5.80323028564453	5.1228515625	1.1328125	
1754.725	5.00202178955078	5.1220703125	0.9765625	
1755.252	5.00164031982422	5.1216796875	0.9765625	
1755.781	4.80157470703125	5.1216796875	0.9375	
1756.31	5.80168151855469	5.121484375	1.1328125	
1756.837	4.40060424804688	5.120703125	0.859375	
1757.365	6.00082397460938	5.120703125	1.171875	
1757.893	4.60045623779297	5.1205078125	0.8984375	
1758.421	4.60098266601563	5.12109375	0.8984375	
1758.949	4.801025390625	5.12109375	0.9375	
1759.477	4.8013916015625	5.121484375	0.9375	
1760.005	4.60150909423828	5.1216796875	0.8984375	
1760.534	5.80256652832031	5.122265625	1.1328125	
1761.061	4.40228271484375	5.12265625	0.859375	
1761.589	5.40321350097656	5.123046875	1.0546875	
1762.117	5.20309448242188	5.123046875	1.015625	
1762.645	4.60291290283203	5.1232421875	0.8984375	
1763.173	4.80377197265625	5.1240234375	0.9375	
1763.701	4.8043212890625	5.124609375	0.9375	
1764.231	5.20527648925781	5.1251953125	1.015625	
1764.757	4.8050537109375	5.125390625	0.9375	
1765.285	5.20487976074219	5.1248046875	1.015625	
1765.813	5.20448303222656	5.1244140625	1.015625	
1766.341	4.20330047607422	5.1240234375	0.8203125	
1766.869	4.00314331054688	5.1240234375	0.78125	
1767.397	4.60396575927734	5.1244140625	0.8984375	
1767.925	4.40396118164063	5.124609375	0.859375	
1768.453	4.60431671142578	5.1248046875	0.8984375	
1768.981	5.60610961914063	5.1255859375	1.09375	
1769.509	5.20606994628906	5.1259765625	1.015625	
1770.037	4.805419921875	5.12578125	0.9375	
1770.565	4.60589599609375	5.1265625	0.8984375	
1771.093	4.60589599609375	5.1265625	0.8984375	
1771.621	4.8057861328125	5.126171875	0.9375	
1772.149	4.60589599609375	5.1265625	0.8984375	
1772.677	5.00621795654297	5.1263671875	0.9765625	
1773.205	4.80596923828125	5.1263671875	0.9375	
1773.733	4.80560302734375	5.1259765625	0.9375	
1774.259	4.00390625	5.125	0.78125	
1774.785	4.40396118164063	5.124609375	0.859375	
1775.316	4.60396575927734	5.1244140625	0.8984375	
1775.841	4.803955078125	5.12421875	0.9375	
1776.369	5.00392913818359	5.1240234375	0.9765625	
1776.897	4.60326385498047	5.1236328125	0.8984375	
1777.425	4.40278625488281	5.1232421875	0.859375	
1777.953	5.60333251953125	5.123046875	1.09375	
1778.481	5.40300750732422	5.1228515625	1.0546875	
1779.008	4.80267333984375	5.1228515625	0.9375	
1779.537	4.00177001953125	5.122265625	0.78125	
1780.065	5.00240325927734	5.1224609375	0.9765625	
1780.593	4.40177917480469	5.1220703125	0.859375	
1781.121	4.40144348144531	5.1216796875	0.859375	
1781.649	5.20130920410156	5.1212890625	1.015625	
1782.177	4.00146484375	5.121875	0.78125	
1782.705	4.60150909423828	5.1216796875	0.8984375	
1783.233	5.60205078125	5.121875	1.09375	
1783.761	5.40135955810547	5.1212890625	1.0546875	
1784.289	4.40093994140625	5.12109375	0.859375	
1784.817	5.00030517578125	5.1203125	0.9765625	
1785.345	4.7999267578125	5.119921875	0.9375	
1785.873	4.80010986328125	5.1201171875	0.9375	
1786.403	3.99993896484375	5.119921875	0.78125	
1786.928	4.59992980957031	5.119921875	0.8984375	
1787.457	4.39993286132813	5.119921875	0.859375	
1787.984	5.5994873046875	5.11953125	1.09375	
1788.512	5.39929962158203	5.1193359375	1.0546875	
1789.041	4.19945526123047	5.1193359375	0.8203125	
1789.568	4.7984619140625	5.118359375	0.9375	
1790.096	5.39826965332031	5.118359375	1.0546875	
1790.625	5.79769897460938	5.11796875	1.1328125	
1791.152	5.39744567871094	5.117578125	1.0546875	
1791.68	4.19801330566406	5.117578125	0.8203125	
1792.208	5.79747772216797	5.1177734375	1.1328125	
1792.736	4.99801635742188	5.11796875	0.9765625	
1793.265	5.19754028320313	5.117578125	1.015625	
1793.793	4.79736328125	5.1171875	0.9375	
1794.32	4.59747314453125	5.1171875	0.8984375	
1794.848	4.59694671630859	5.1166015625	0.8984375	
1795.377	4.59659576416016	5.1162109375	0.8984375	
1795.905	5.19595336914063	5.116015625	1.015625	
1796.432	4.79608154296875	5.1158203125	0.9375	
1796.961	4.39590454101563	5.115234375	0.859375	
1797.491	4.7955322265625	5.115234375	0.9375	
1798.017	5.59478759765625	5.115234375	1.09375	